"year","storm_num","name","cat5_hours","cat4_hours","cat3_hours","cat2_hours","cat1_hours","ts_hours","td_hours"
1851,1,"Unnamed",0,0,0,0,30,42,0
1851,2,"Unnamed",0,0,0,0,6,0,0
1851,3,"Unnamed",0,0,0,0,0,6,0
1851,4,"Unnamed",0,0,24,36,84,138,0
1851,5,"Unnamed",0,0,0,0,0,90,0
1851,6,"Unnamed",0,0,0,0,0,90,0
1852,1,"Unnamed",0,0,60,54,54,96,0
1852,2,"Unnamed",0,0,0,0,18,24,0
1852,3,"Unnamed",0,0,0,0,90,24,0
1852,4,"Unnamed",0,0,0,0,174,36,0
1852,5,"Unnamed",0,0,0,96,6,36,0
1853,1,"Unnamed",0,0,0,0,0,6,0
1853,2,"Unnamed",0,0,0,0,0,6,0
1853,3,"Unnamed",0,96,66,18,54,48,0
1853,4,"Unnamed",0,0,60,6,0,0,0
1853,5,"Unnamed",0,0,0,0,0,6,0
1853,6,"Unnamed",0,0,0,0,90,36,0
1853,7,"Unnamed",0,0,0,0,0,6,0
1853,8,"Unnamed",0,0,0,24,54,0,0
1854,1,"Unnamed",0,0,0,0,30,30,0
1854,2,"Unnamed",0,0,0,0,0,6,0
1854,3,"Unnamed",0,0,48,24,30,36,0
1854,4,"Unnamed",0,0,0,24,12,18,0
1854,5,"Unnamed",0,0,0,0,0,66,0
1855,1,"Unnamed",0,0,0,6,0,0,0
1855,2,"Unnamed",0,0,0,30,0,0,0
1855,3,"Unnamed",0,0,0,0,6,0,0
1855,4,"Unnamed",0,0,0,0,0,90,0
1855,5,"Unnamed",0,0,24,6,18,6,0
1856,1,"Unnamed",0,18,18,6,18,18,0
1856,2,"Unnamed",0,0,0,0,42,0,0
1856,3,"Unnamed",0,0,0,0,0,60,0
1856,4,"Unnamed",0,0,0,0,0,6,0
1856,5,"Unnamed",0,0,24,60,78,72,0
1856,6,"Unnamed",0,0,0,0,36,78,0
1857,1,"Unnamed",0,0,0,0,0,42,0
1857,2,"Unnamed",0,0,0,54,108,96,0
1857,3,"Unnamed",0,0,0,0,114,0,0
1857,4,"Unnamed",0,0,0,24,54,84,0
1858,1,"Unnamed",0,0,0,0,6,0,0
1858,2,"Unnamed",0,0,0,0,6,0,0
1858,3,"Unnamed",0,0,0,18,18,42,0
1858,4,"Unnamed",0,0,0,0,168,18,0
1858,5,"Unnamed",0,0,0,0,54,24,0
1858,6,"Unnamed",0,0,0,24,60,42,0
1859,1,"Unnamed",0,0,0,6,0,0,0
1859,2,"Unnamed",0,0,0,66,0,0,0
1859,3,"Unnamed",0,0,0,0,30,0,0
1859,4,"Unnamed",0,0,0,18,18,0,0
1859,5,"Unnamed",0,0,0,0,48,42,0
1859,6,"Unnamed",0,0,66,12,36,0,0
1859,7,"Unnamed",0,0,0,0,0,54,0
1859,8,"Unnamed",0,0,0,0,60,60,0
1860,1,"Unnamed",0,0,36,12,30,120,0
1860,2,"Unnamed",0,0,0,12,42,12,0
1860,4,"Unnamed",0,0,0,114,6,6,0
1860,3,"Unnamed",0,0,0,0,6,0,0
1860,5,"Unnamed",0,0,0,0,0,90,0
1860,6,"Unnamed",0,0,0,18,30,42,0
1860,7,"Unnamed",0,0,0,12,90,0,0
1861,1,"Unnamed",0,0,0,24,54,84,0
1861,2,"Unnamed",0,0,0,0,60,42,0
1861,3,"Unnamed",0,0,0,42,96,0,0
1861,4,"Unnamed",0,0,0,0,6,0,0
1861,5,"Unnamed",0,0,0,0,12,18,0
1861,6,"Unnamed",0,0,0,0,0,90,0
1861,7,"Unnamed",0,0,0,0,0,6,0
1861,8,"Unnamed",0,0,0,0,18,42,0
1862,1,"Unnamed",0,0,0,0,0,66,0
1862,2,"Unnamed",0,0,0,60,12,0,0
1862,3,"Unnamed",0,0,0,120,54,24,0
1862,4,"Unnamed",0,0,0,0,0,6,0
1862,5,"Unnamed",0,0,0,0,54,0,0
1862,6,"Unnamed",0,0,0,0,0,78,0
1863,1,"Unnamed",0,0,0,12,30,0,0
1863,2,"Unnamed",0,0,0,24,18,0,0
1863,3,"Unnamed",0,0,0,48,54,0,0
1863,4,"Unnamed",0,0,0,36,6,0,0
1863,5,"Unnamed",0,0,0,0,132,54,0
1863,6,"Unnamed",0,0,0,0,0,78,0
1863,7,"Unnamed",0,0,0,0,0,30,0
1863,8,"Unnamed",0,0,0,0,0,18,0
1863,9,"Unnamed",0,0,0,0,0,30,0
1864,1,"Unnamed",0,0,0,0,48,18,0
1864,2,"Unnamed",0,0,0,0,0,6,0
1864,3,"Unnamed",0,0,0,0,144,6,0
1864,4,"Unnamed",0,0,0,0,0,90,0
1864,5,"Unnamed",0,0,0,0,30,36,0
1865,1,"Unnamed",0,0,0,0,0,6,0
1865,2,"Unnamed",0,0,0,0,0,6,0
1865,3,"Unnamed",0,0,0,0,0,114,0
1865,4,"Unnamed",0,0,0,192,6,12,0
1865,5,"Unnamed",0,0,0,0,0,6,0
1865,6,"Unnamed",0,0,0,0,6,0,0
1865,7,"Unnamed",0,0,0,24,78,84,0
1866,1,"Unnamed",0,0,0,102,0,6,0
1866,2,"Unnamed",0,0,0,48,60,18,0
1866,3,"Unnamed",0,0,0,0,72,6,0
1866,4,"Unnamed",0,0,0,0,6,0,0
1866,5,"Unnamed",0,0,0,24,24,6,0
1866,6,"Unnamed",0,24,84,48,126,0,0
1866,7,"Unnamed",0,0,0,0,0,18,0
1867,1,"Unnamed",0,0,0,0,12,42,0
1867,2,"Unnamed",0,0,0,12,150,0,0
1867,3,"Unnamed",0,0,0,6,0,0,0
1867,4,"Unnamed",0,0,0,0,48,42,0
1867,5,"Unnamed",0,0,0,0,0,6,0
1867,6,"Unnamed",0,0,0,12,42,0,0
1867,7,"Unnamed",0,0,0,84,30,72,0
1867,8,"Unnamed",0,0,0,0,0,6,0
1867,9,"Unnamed",0,0,18,6,30,42,0
1868,1,"Unnamed",0,0,0,24,78,0,0
1868,2,"Unnamed",0,0,0,0,0,126,0
1868,3,"Unnamed",0,0,0,66,0,0,0
1868,4,"Unnamed",0,0,0,18,48,0,0
1869,1,"Unnamed",0,0,0,18,0,0,0
1869,2,"Unnamed",0,0,0,36,0,6,0
1869,3,"Unnamed",0,0,0,0,18,0,0
1869,4,"Unnamed",0,0,0,0,0,42,0
1869,5,"Unnamed",0,0,0,0,42,6,0
1869,6,"Unnamed",0,0,24,24,6,0,0
1869,7,"Unnamed",0,0,0,78,102,6,0
1869,8,"Unnamed",0,0,0,0,0,6,0
1869,9,"Unnamed",0,0,0,0,0,6,0
1869,10,"Unnamed",0,0,0,24,6,6,0
1870,1,"Unnamed",0,0,0,0,6,0,0
1870,2,"Unnamed",0,0,0,36,66,36,0
1870,3,"Unnamed",0,0,0,0,0,90,0
1870,4,"Unnamed",0,0,48,18,24,0,0
1870,5,"Unnamed",0,0,0,0,66,0,0
1870,6,"Unnamed",0,0,12,108,78,36,0
1870,7,"Unnamed",0,0,0,0,6,0,0
1870,8,"Unnamed",0,0,0,0,30,0,0
1870,9,"Unnamed",0,0,0,30,54,6,0
1870,10,"Unnamed",0,0,0,6,0,0,0
1870,11,"Unnamed",0,0,0,0,48,66,0
1871,1,"Unnamed",0,0,0,0,0,108,6
1871,2,"Unnamed",0,0,0,0,0,60,6
1871,3,"Unnamed",0,0,42,18,42,132,0
1871,4,"Unnamed",0,0,36,84,30,132,48
1871,5,"Unnamed",0,0,0,90,0,0,0
1871,6,"Unnamed",0,0,0,0,42,48,0
1871,7,"Unnamed",0,0,0,0,72,114,0
1871,8,"Unnamed",0,0,0,0,78,0,0
1872,1,"Unnamed",0,0,0,0,0,96,18
1872,2,"Unnamed",0,0,0,60,150,96,0
1872,3,"Unnamed",0,0,0,0,210,72,0
1872,4,"Unnamed",0,0,0,0,90,72,0
1872,5,"Unnamed",0,0,0,0,6,120,0
1873,1,"Unnamed",0,0,0,0,0,36,0
1873,2,"Unnamed",0,0,36,72,138,96,0
1873,3,"Unnamed",0,0,0,0,48,18,0
1873,4,"Unnamed",0,0,0,0,0,66,0
1873,5,"Unnamed",0,0,24,54,108,132,0
1874,1,"Unnamed",0,0,0,0,0,78,0
1874,2,"Unnamed",0,0,0,0,60,54,0
1874,3,"Unnamed",0,0,0,0,126,96,0
1874,4,"Unnamed",0,0,0,0,0,84,54
1874,5,"Unnamed",0,0,0,0,0,90,0
1874,6,"Unnamed",0,0,0,0,24,90,12
1874,7,"Unnamed",0,0,0,6,36,72,0
1875,1,"Unnamed",0,0,0,0,90,0,0
1875,2,"Unnamed",0,0,0,0,186,48,0
1875,3,"Unnamed",0,0,12,90,120,30,6
1875,4,"Unnamed",0,0,0,0,0,96,0
1875,5,"Unnamed",0,0,0,24,66,0,0
1875,6,"Unnamed",0,0,0,0,24,78,0
1876,1,"Unnamed",0,0,0,0,48,6,0
1876,2,"Unnamed",0,0,12,12,60,84,18
1876,3,"Unnamed",0,0,0,0,0,66,0
1876,4,"Unnamed",0,0,0,24,54,72,0
1876,5,"Unnamed",0,0,18,42,96,126,0
1877,1,"Unnamed",0,0,0,0,0,102,0
1877,2,"Unnamed",0,0,0,0,72,114,0
1877,3,"Unnamed",0,0,0,0,144,18,0
1877,4,"Unnamed",0,0,6,78,198,36,0
1877,5,"Unnamed",0,0,0,0,0,138,0
1877,6,"Unnamed",0,0,0,0,0,90,0
1877,7,"Unnamed",0,0,0,0,0,102,0
1877,8,"Unnamed",0,0,0,0,0,42,0
1878,1,"Unnamed",0,0,0,0,0,60,6
1878,2,"Unnamed",0,0,0,0,90,174,0
1878,3,"Unnamed",0,0,0,0,42,0,0
1878,4,"Unnamed",0,0,0,24,78,36,0
1878,5,"Unnamed",0,0,0,6,132,150,0
1878,6,"Unnamed",0,0,0,36,126,0,0
1878,7,"Unnamed",0,48,132,30,66,78,0
1878,8,"Unnamed",0,0,0,0,66,72,0
1878,9,"Unnamed",0,0,0,0,90,72,0
1878,10,"Unnamed",0,0,60,18,24,60,0
1878,11,"Unnamed",0,0,0,24,66,48,0
1878,12,"Unnamed",0,0,0,0,0,186,0
1879,1,"Unnamed",0,0,0,0,36,54,0
1879,2,"Unnamed",0,0,18,18,36,114,0
1879,3,"Unnamed",0,0,0,18,48,60,12
1879,4,"Unnamed",0,0,30,18,24,42,0
1879,5,"Unnamed",0,0,0,0,0,114,0
1879,6,"Unnamed",0,0,0,0,0,186,0
1879,7,"Unnamed",0,0,0,0,12,126,0
1879,8,"Unnamed",0,0,0,6,24,24,0
1880,1,"Unnamed",0,0,0,0,0,96,6
1880,2,"Unnamed",0,12,18,60,60,102,6
1880,3,"Unnamed",0,0,0,0,36,102,0
1880,4,"Unnamed",0,0,0,66,48,90,6
1880,5,"Unnamed",0,0,0,0,144,90,0
1880,6,"Unnamed",0,0,0,0,36,78,0
1880,7,"Unnamed",0,0,0,0,36,30,0
1880,8,"Unnamed",0,36,48,24,30,48,0
1880,9,"Unnamed",0,0,0,0,60,78,0
1880,10,"Unnamed",0,0,0,0,114,0,0
1880,11,"Unnamed",0,0,0,0,0,60,0
1881,1,"Unnamed",0,0,0,0,0,72,6
1881,3,"Unnamed",0,0,0,0,144,42,0
1881,2,"Unnamed",0,0,0,0,0,60,18
1881,4,"Unnamed",0,0,0,0,36,90,0
1881,5,"Unnamed",0,0,0,36,72,102,0
1881,6,"Unnamed",0,0,0,18,54,42,0
1881,7,"Unnamed",0,0,0,0,0,102,0
1882,1,"Unnamed",0,0,0,0,24,0,0
1882,2,"Unnamed",0,0,12,60,96,90,0
1882,3,"Unnamed",0,0,0,0,0,42,6
1882,4,"Unnamed",0,0,0,0,0,78,0
1882,5,"Unnamed",0,0,0,0,78,36,0
1882,6,"Unnamed",0,6,18,12,114,108,0
1883,1,"Unnamed",0,0,0,0,126,96,0
1883,2,"Unnamed",0,0,36,36,90,0,0
1883,3,"Unnamed",0,0,60,78,54,24,6
1883,4,"Unnamed",0,0,0,0,0,66,0
1884,1,"Unnamed",0,0,0,0,24,18,0
1884,2,"Unnamed",0,0,48,84,108,90,0
1884,3,"Unnamed",0,0,0,0,120,84,30
1884,4,"Unnamed",0,0,0,24,126,108,0
1885,1,"Unnamed",0,0,0,0,108,54,0
1885,2,"Unnamed",0,0,0,36,54,72,0
1885,3,"Unnamed",0,0,0,0,0,66,0
1885,4,"Unnamed",0,0,0,0,18,132,0
1885,5,"Unnamed",0,0,0,0,54,36,0
1885,6,"Unnamed",0,0,0,0,6,156,48
1885,7,"Unnamed",0,0,0,0,18,72,0
1885,8,"Unnamed",0,0,0,0,0,66,0
1886,1,"Unnamed",0,0,0,8,10,42,0
1886,2,"Unnamed",0,0,0,36,42,66,42
1886,3,"Unnamed",0,0,0,24,48,54,0
1886,4,"Unnamed",0,0,0,0,108,96,0
1886,5,"Unnamed",0,18,12,36,96,66,0
1886,6,"Unnamed",0,0,24,198,60,24,0
1886,7,"Unnamed",0,0,24,24,24,18,0
1886,8,"Unnamed",0,0,0,60,48,102,0
1886,9,"Unnamed",0,0,0,138,36,36,0
1886,10,"Unnamed",0,0,30,18,54,36,0
1886,11,"Unnamed",0,0,0,0,0,138,0
1886,12,"Unnamed",0,0,0,0,0,120,0
1887,1,"Unnamed",0,0,0,0,0,78,0
1887,2,"Unnamed",0,0,0,0,0,114,0
1887,3,"Unnamed",0,0,0,0,0,54,24
1887,4,"Unnamed",0,0,0,78,84,48,0
1887,5,"Unnamed",0,0,0,0,0,210,0
1887,6,"Unnamed",0,0,42,36,36,72,0
1887,7,"Unnamed",0,0,120,18,12,66,0
1887,8,"Unnamed",0,0,0,30,18,30,0
1887,9,"Unnamed",0,0,0,162,54,54,0
1887,10,"Unnamed",0,0,0,0,42,42,0
1887,11,"Unnamed",0,0,0,0,0,60,0
1887,12,"Unnamed",0,0,0,0,0,42,0
1887,13,"Unnamed",0,0,0,0,180,84,12
1887,14,"Unnamed",0,0,0,0,30,18,0
1887,15,"Unnamed",0,0,0,36,30,36,0
1887,16,"Unnamed",0,0,0,0,0,54,0
1887,17,"Unnamed",0,0,0,0,42,132,0
1887,18,"Unnamed",0,0,0,0,42,60,0
1887,19,"Unnamed",0,0,0,0,0,132,0
1888,1,"Unnamed",0,0,0,0,18,36,12
1888,2,"Unnamed",0,0,0,0,0,48,0
1888,3,"Unnamed",0,0,18,66,42,60,0
1888,4,"Unnamed",0,0,36,42,90,30,0
1888,5,"Unnamed",0,0,0,0,0,120,0
1888,6,"Unnamed",0,0,0,0,18,60,0
1888,7,"Unnamed",0,0,0,24,24,54,0
1888,8,"Unnamed",0,0,0,0,0,180,0
1888,9,"Unnamed",0,0,0,60,60,90,0
1889,1,"Unnamed",0,0,0,0,18,102,0
1889,2,"Unnamed",0,0,0,0,12,126,0
1889,3,"Unnamed",0,0,0,0,42,174,12
1889,4,"Unnamed",0,0,0,162,60,60,0
1889,5,"Unnamed",0,0,0,0,90,144,0
1889,6,"Unnamed",0,0,0,96,54,180,0
1889,7,"Unnamed",0,0,0,0,0,180,0
1889,8,"Unnamed",0,0,0,0,0,168,0
1889,9,"Unnamed",0,0,0,0,0,48,12
1890,1,"Unnamed",0,0,0,0,0,30,24
1890,2,"Unnamed",0,0,0,0,0,234,0
1890,3,"Unnamed",0,0,48,90,12,0,0
1890,4,"Unnamed",0,0,0,0,24,6,0
1891,1,"Unnamed",0,0,0,0,54,54,12
1891,2,"Unnamed",0,0,0,0,240,42,0
1891,3,"Unnamed",0,0,30,102,18,24,0
1891,4,"Unnamed",0,0,0,78,36,42,0
1891,5,"Unnamed",0,0,0,108,60,78,0
1891,6,"Unnamed",0,0,0,60,36,60,0
1891,7,"Unnamed",0,0,0,0,0,102,0
1891,8,"Unnamed",0,0,0,0,0,36,12
1891,9,"Unnamed",0,0,0,0,108,90,0
1891,10,"Unnamed",0,0,0,0,0,72,0
1892,1,"Unnamed",0,0,0,0,0,186,0
1892,2,"Unnamed",0,0,0,0,66,96,0
1892,3,"Unnamed",0,0,0,156,60,126,0
1892,4,"Unnamed",0,0,0,0,0,108,0
1892,5,"Unnamed",0,0,0,150,72,60,0
1892,6,"Unnamed",0,0,0,0,0,60,0
1892,7,"Unnamed",0,0,0,120,84,60,0
1892,8,"Unnamed",0,0,0,0,66,48,0
1892,9,"Unnamed",0,0,0,0,0,198,0
1893,1,"Unnamed",0,0,0,0,48,132,0
1893,2,"Unnamed",0,0,0,6,36,36,0
1893,3,"Unnamed",0,0,84,42,36,42,0
1893,4,"Unnamed",0,0,24,120,42,42,0
1893,5,"Unnamed",0,0,0,24,36,30,0
1893,6,"Unnamed",0,0,126,66,36,138,0
1893,7,"Unnamed",0,0,0,114,60,54,0
1893,8,"Unnamed",0,0,0,30,18,72,12
1893,9,"Unnamed",0,0,276,18,96,66,0
1893,10,"Unnamed",0,12,6,66,36,72,0
1893,11,"Unnamed",0,0,0,0,0,54,24
1893,12,"Unnamed",0,0,0,0,0,114,0
1894,1,"Unnamed",0,0,0,0,0,90,0
1894,2,"Unnamed",0,0,0,0,0,84,24
1894,3,"Unnamed",0,0,54,72,54,72,0
1894,4,"Unnamed",0,0,36,42,144,96,0
1894,5,"Unnamed",0,0,78,36,48,72,0
1894,6,"Unnamed",0,24,24,132,36,18,0
1894,7,"Unnamed",0,0,0,102,36,54,0
1895,1,"Unnamed",0,0,0,0,0,72,12
1895,2,"Unnamed",0,0,0,114,48,48,0
1895,3,"Unnamed",0,0,0,0,0,210,18
1895,4,"Unnamed",0,0,0,0,0,102,30
1895,5,"Unnamed",0,0,0,198,30,108,0
1895,6,"Unnamed",0,0,0,0,0,84,6
1896,1,"Unnamed",0,0,0,42,12,48,90
1896,2,"Unnamed",0,0,96,126,42,12,0
1896,3,"Unnamed",0,0,0,156,54,42,0
1896,4,"Unnamed",0,0,54,24,30,78,0
1896,5,"Unnamed",0,0,0,42,30,90,0
1896,6,"Unnamed",0,0,0,186,84,78,0
1896,7,"Unnamed",0,0,0,0,0,66,0
1897,1,"Unnamed",0,0,0,144,48,36,0
1897,2,"Unnamed",0,0,0,0,60,24,0
1897,3,"Unnamed",0,0,0,0,0,108,12
1897,4,"Unnamed",0,0,0,0,0,114,0
1897,5,"Unnamed",0,0,0,0,24,252,0
1897,6,"Unnamed",0,0,0,0,0,144,0
1898,1,"Unnamed",0,0,0,0,7,29,6
1898,2,"Unnamed",0,0,0,0,24,36,0
1898,3,"Unnamed",0,0,0,0,48,0,0
1898,4,"Unnamed",0,0,0,270,42,30,0
1898,5,"Unnamed",0,0,0,0,0,222,24
1898,6,"Unnamed",0,0,0,0,0,198,0
1898,7,"Unnamed",0,18,18,84,42,48,72
1898,8,"Unnamed",0,0,0,0,0,42,30
1898,9,"Unnamed",0,0,0,0,0,300,0
1898,10,"Unnamed",0,0,0,0,0,54,0
1898,11,"Unnamed",0,0,0,0,0,186,18
1899,1,"Unnamed",0,0,0,0,0,24,6
1899,2,"Unnamed",0,0,0,24,24,78,0
1899,3,"Unnamed",0,30,240,12,222,258,0
1899,4,"Unnamed",0,0,0,30,90,48,0
1899,5,"Unnamed",0,0,126,42,54,66,0
1899,6,"Unnamed",0,0,0,0,0,90,0
1899,7,"Unnamed",0,0,0,0,0,96,0
1899,8,"Unnamed",0,0,0,0,0,48,30
1899,9,"Unnamed",0,0,0,30,42,66,0
1899,10,"Unnamed",0,0,0,0,0,72,18
1900,1,"Unnamed",0,42,6,18,18,270,12
1900,2,"Unnamed",0,0,30,54,42,168,0
1900,3,"Unnamed",0,0,0,72,180,90,24
1900,4,"Unnamed",0,0,0,0,0,72,42
1900,5,"Unnamed",0,0,0,0,0,72,66
1900,6,"Unnamed",0,0,0,0,0,48,0
1900,7,"Unnamed",0,0,0,0,0,54,60
1901,1,"Unnamed",0,0,0,0,0,48,66
1901,2,"Unnamed",0,0,0,0,0,222,0
1901,3,"Unnamed",0,0,0,0,36,180,18
1901,4,"Unnamed",0,0,0,0,84,102,168
1901,5,"Unnamed",0,0,0,0,0,48,54
1901,6,"Unnamed",0,0,0,0,30,96,0
1901,7,"Unnamed",0,0,0,114,108,72,6
1901,8,"Unnamed",0,0,0,0,36,192,0
1901,9,"Unnamed",0,0,0,0,0,138,0
1901,10,"Unnamed",0,0,0,0,0,174,0
1901,11,"Unnamed",0,0,0,0,0,138,0
1901,12,"Unnamed",0,0,0,0,0,54,18
1901,13,"Unnamed",0,0,0,0,36,102,12
1902,1,"Unnamed",0,0,0,0,0,78,12
1902,2,"Unnamed",0,0,0,0,18,72,84
1902,3,"Unnamed",0,0,0,24,30,90,0
1902,4,"Unnamed",0,0,0,60,30,42,60
1902,5,"Unnamed",0,0,0,0,0,114,24
1903,1,"Unnamed",0,0,0,0,36,84,0
1903,2,"Unnamed",0,0,90,12,114,36,0
1903,3,"Unnamed",0,0,0,0,66,96,18
1903,4,"Unnamed",0,0,0,6,42,78,0
1903,5,"Unnamed",0,0,0,0,0,90,96
1903,6,"Unnamed",0,0,0,36,12,42,0
1903,7,"Unnamed",0,0,0,30,144,36,0
1903,8,"Unnamed",0,0,0,0,0,126,0
1903,9,"Unnamed",0,0,0,0,0,24,54
1903,10,"Unnamed",0,0,0,0,126,72,0
1904,1,"Unnamed",0,0,0,0,12,54,36
1904,2,"Unnamed",0,0,0,0,54,114,0
1904,3,"Unnamed",0,0,0,0,30,90,42
1904,4,"Unnamed",0,0,0,0,30,174,24
1904,5,"Unnamed",0,0,0,0,0,108,0
1904,6,"Unnamed",0,0,0,0,0,78,12
1905,1,"Unnamed",0,0,0,0,0,36,18
1905,2,"Unnamed",0,0,0,0,0,120,6
1905,3,"Unnamed",0,0,0,0,0,156,0
1905,4,"Unnamed",0,0,30,24,18,120,42
1905,5,"Unnamed",0,0,0,0,0,114,0
1906,1,"Unnamed",0,0,0,0,0,126,0
1906,2,"Unnamed",0,0,0,36,66,120,0
1906,3,"Unnamed",0,0,0,0,0,48,18
1906,4,"Unnamed",0,42,144,72,72,72,0
1906,5,"Unnamed",0,0,0,0,132,228,6
1906,6,"Unnamed",0,0,36,30,30,126,12
1906,7,"Unnamed",0,0,0,0,0,216,0
1906,8,"Unnamed",0,0,42,36,120,132,42
1906,9,"Unnamed",0,0,0,0,0,78,6
1906,10,"Unnamed",0,0,0,0,0,114,18
1906,11,"Unnamed",0,0,0,0,12,90,12
1907,1,"Unnamed",0,0,0,0,0,120,0
1907,2,"Unnamed",0,0,0,0,0,78,18
1907,3,"Unnamed",0,0,0,0,0,54,0
1907,4,"Unnamed",0,0,0,0,0,54,0
1907,5,"Unnamed",0,0,0,0,0,156,0
1908,1,"Unnamed",0,0,0,12,42,24,0
1908,2,"Unnamed",0,0,0,0,48,72,36
1908,3,"Unnamed",0,0,0,0,42,150,24
1908,4,"Unnamed",0,0,0,0,0,84,54
1908,5,"Unnamed",0,0,0,0,0,72,0
1908,6,"Unnamed",0,0,66,42,72,90,0
1908,7,"Unnamed",0,0,0,0,0,54,0
1908,8,"Unnamed",0,0,0,72,192,108,0
1908,9,"Unnamed",0,0,0,18,30,48,18
1908,10,"Unnamed",0,0,0,0,0,60,0
1909,1,"Unnamed",0,0,0,0,0,96,18
1909,2,"Unnamed",0,0,0,12,12,96,0
1909,3,"Unnamed",0,0,0,0,0,78,120
1909,4,"Unnamed",0,0,6,12,66,42,90
1909,5,"Unnamed",0,0,0,0,0,66,48
1909,6,"Unnamed",0,0,48,30,102,18,0
1909,7,"Unnamed",0,0,0,0,0,42,36
1909,8,"Unnamed",0,0,0,0,0,66,24
1909,9,"Unnamed",0,0,48,18,54,48,36
1909,10,"Unnamed",0,0,0,0,0,60,60
1909,11,"Unnamed",0,0,54,18,30,60,12
1909,12,"Unnamed",0,0,0,30,30,90,0
1910,1,"Unnamed",0,0,0,0,0,36,48
1910,2,"Unnamed",0,0,0,0,0,36,90
1910,3,"Unnamed",0,0,0,114,120,18,0
1910,4,"Unnamed",0,0,0,24,30,18,0
1910,5,"Unnamed",0,36,30,66,18,90,42
1911,1,"Unnamed",0,0,0,0,0,72,108
1911,2,"Unnamed",0,0,0,0,24,72,48
1911,3,"Unnamed",0,0,0,24,66,66,12
1911,4,"Unnamed",0,0,0,24,30,138,30
1911,5,"Unnamed",0,0,0,0,0,90,0
1911,6,"Unnamed",0,0,0,0,0,102,30
1912,1,"Unnamed",0,0,0,0,0,216,24
1912,2,"Unnamed",0,0,0,0,0,96,24
1912,3,"Unnamed",0,0,0,0,0,78,36
1912,4,"Unnamed",0,0,0,0,54,54,6
1912,5,"Unnamed",0,0,0,0,66,30,18
1912,6,"Unnamed",0,0,0,36,24,84,12
1912,7,"Unnamed",0,0,42,24,84,96,6
1913,1,"Unnamed",0,0,0,0,24,126,36
1913,2,"Unnamed",0,0,0,0,0,30,12
1913,3,"Unnamed",0,0,0,0,0,390,12
1913,4,"Unnamed",0,0,0,0,48,60,12
1913,5,"Unnamed",0,0,0,0,12,96,6
1913,6,"Unnamed",0,0,0,0,12,36,0
1914,1,"Unnamed",0,0,0,0,0,78,24
1915,1,"Unnamed",0,0,0,0,12,90,0
1915,2,"Unnamed",0,78,18,48,66,102,30
1915,3,"Unnamed",0,0,108,90,78,60,0
1915,4,"Unnamed",0,0,0,12,48,48,42
1915,5,"Unnamed",0,0,0,0,0,66,12
1915,6,"Unnamed",0,114,12,12,36,36,0
1916,1,"Unnamed",0,0,0,0,0,60,18
1916,2,"Unnamed",0,0,12,18,30,108,126
1916,3,"Unnamed",0,0,0,60,96,90,42
1916,4,"Unnamed",0,0,12,12,24,60,0
1916,5,"Unnamed",0,0,0,0,0,54,0
1916,6,"Unnamed",0,24,12,24,42,78,6
1916,7,"Unnamed",0,0,0,12,24,78,6
1916,8,"Unnamed",0,0,0,0,66,84,0
1916,9,"Unnamed",0,0,0,0,0,54,6
1916,10,"Unnamed",0,0,0,0,66,114,18
1916,11,"Unnamed",0,0,48,42,30,54,0
1916,12,"Unnamed",0,0,0,0,0,66,0
1916,13,"Unnamed",0,0,42,54,18,36,30
1916,14,"Unnamed",0,0,0,66,36,72,66
1916,15,"Unnamed",0,0,0,0,0,78,24
1917,1,"Unnamed",0,0,0,0,0,60,132
1917,2,"Unnamed",0,0,0,0,0,114,0
1917,3,"Unnamed",0,0,42,54,36,24,0
1917,4,"Unnamed",0,54,66,36,30,54,0
1918,1,"Unnamed",0,0,18,6,12,126,0
1918,2,"Unnamed",0,0,0,12,36,54,0
1918,3,"Unnamed",0,0,0,0,6,66,0
1918,4,"Unnamed",0,0,0,0,0,132,0
1918,5,"Unnamed",0,0,0,36,54,24,0
1918,6,"Unnamed",0,0,0,0,0,126,6
1919,1,"Unnamed",0,0,0,0,0,54,30
1919,3,"Unnamed",0,0,0,12,18,30,6
1919,2,"Unnamed",0,108,48,18,18,114,30
1919,4,"Unnamed",0,0,0,0,0,48,24
1919,5,"Unnamed",0,0,0,0,0,78,0
1920,1,"Unnamed",0,0,0,66,54,66,0
1920,2,"Unnamed",0,0,0,6,18,66,78
1920,3,"Unnamed",0,0,0,0,18,60,36
1920,4,"Unnamed",0,0,0,0,0,84,12
1920,5,"Unnamed",0,0,0,0,18,51,54
1921,1,"Unnamed",0,0,0,0,60,96,96
1921,2,"Unnamed",0,0,0,0,6,48,36
1921,3,"Unnamed",0,0,108,84,18,54,0
1921,4,"Unnamed",0,0,0,0,60,90,0
1921,5,"Unnamed",0,0,0,0,0,36,18
1921,6,"Unnamed",0,42,24,6,114,48,0
1921,7,"Unnamed",0,0,0,0,0,78,84
1922,1,"Unnamed",0,0,0,0,0,30,72
1922,2,"Unnamed",0,0,144,18,12,42,18
1922,3,"Unnamed",0,0,0,0,60,91,12
1922,4,"Unnamed",0,0,0,24,72,66,108
1922,5,"Unnamed",0,0,0,0,0,78,48
1923,1,"Unnamed",0,0,0,0,0,54,96
1923,2,"Unnamed",0,0,0,42,66,36,66
1923,3,"Unnamed",0,0,0,0,0,78,18
1923,4,"Unnamed",0,0,0,0,12,36,24
1923,5,"Unnamed",0,0,37,36,54,30,0
1923,6,"Unnamed",0,0,0,0,18,96,12
1923,7,"Unnamed",0,0,0,0,0,108,0
1923,8,"Unnamed",0,0,0,0,0,42,0
1923,9,"Unnamed",0,0,0,0,0,60,0
1924,1,"Unnamed",0,0,0,0,0,66,12
1924,2,"Unnamed",0,0,0,0,0,48,6
1924,3,"Unnamed",0,0,48,66,24,54,60
1924,4,"Unnamed",0,0,0,150,24,36,0
1924,5,"Unnamed",0,0,0,0,18,78,0
1924,6,"Unnamed",0,0,0,0,0,54,12
1924,7,"Unnamed",0,0,0,0,0,175,48
1924,8,"Unnamed",0,0,0,0,0,27,43
1924,9,"Unnamed",0,0,0,0,0,84,6
1924,10,"Unnamed",12,24,18,36,36,66,30
1924,11,"Unnamed",0,0,0,0,72,144,0
1925,1,"Unnamed",0,0,0,0,18,36,18
1925,2,"Unnamed",0,0,0,0,0,36,18
1925,3,"Unnamed",0,0,0,0,0,36,6
1925,4,"Unnamed",0,0,0,0,0,87,12
1926,1,"Unnamed",0,24,18,60,30,48,48
1926,2,"Unnamed",0,0,96,42,12,42,36
1926,3,"Unnamed",0,0,24,24,36,54,36
1926,4,"Unnamed",0,12,150,138,84,90,24
1926,5,"Unnamed",0,0,0,30,54,24,0
1926,6,"Unnamed",0,0,0,0,0,42,114
1926,7,"Unnamed",0,60,72,36,48,42,6
1926,8,"Unnamed",0,0,0,85,60,102,0
1926,9,"Unnamed",0,0,0,0,0,42,18
1926,10,"Unnamed",0,42,48,18,96,108,18
1926,11,"Unnamed",0,0,0,0,0,72,24
1927,1,"Unnamed",0,0,78,18,24,30,0
1927,2,"Unnamed",0,0,0,0,60,162,6
1927,3,"Unnamed",0,0,0,0,12,133,12
1927,4,"Unnamed",0,0,0,42,43,36,0
1927,5,"Unnamed",0,0,0,0,0,48,42
1927,6,"Unnamed",0,0,0,0,0,54,18
1927,7,"Unnamed",0,0,0,0,0,96,6
1927,8,"Unnamed",0,0,0,0,0,42,12
1928,1,"Unnamed",0,0,0,30,24,132,6
1928,2,"Unnamed",0,0,0,0,54,126,54
1928,3,"Unnamed",0,0,0,0,0,150,18
1928,4,"Unnamed",12,96,18,18,54,108,12
1928,5,"Unnamed",0,0,0,0,0,60,0
1928,6,"Unnamed",0,0,0,0,48,72,0
1929,1,"Unnamed",0,0,0,0,30,48,0
1929,2,"Unnamed",0,60,30,55,42,36,72
1929,3,"Unnamed",0,0,0,0,0,36,12
1929,4,"Unnamed",0,0,0,0,0,108,0
1929,5,"Unnamed",0,0,0,0,12,36,12
1930,1,"Unnamed",0,0,48,24,18,60,0
1930,2,"Unnamed",0,12,24,42,102,234,60
1930,3,"Unnamed",0,0,0,0,0,60,6
1931,1,"Unnamed",0,0,0,0,0,84,18
1931,2,"Unnamed",0,0,0,0,0,66,78
1931,3,"Unnamed",0,0,0,0,0,174,24
1931,4,"Unnamed",0,0,0,0,0,24,96
1931,5,"Unnamed",0,0,0,0,0,24,48
1931,6,"Unnamed",0,6,6,12,36,90,12
1931,7,"Unnamed",0,0,0,6,48,138,0
1931,8,"Unnamed",0,0,0,0,12,97,18
1931,9,"Unnamed",0,0,0,0,0,24,42
1931,10,"Unnamed",0,0,0,0,0,48,6
1931,11,"Unnamed",0,0,0,0,0,78,24
1931,12,"Unnamed",0,0,0,0,0,78,48
1931,13,"Unnamed",0,0,0,0,0,84,0
1932,1,"Unnamed",0,0,0,0,0,114,12
1932,2,"Unnamed",0,6,12,6,12,36,18
1932,3,"Unnamed",0,0,0,0,36,96,24
1932,4,"Unnamed",24,66,24,30,18,60,12
1932,5,"Unnamed",0,0,0,0,0,84,0
1932,6,"Unnamed",0,0,0,0,0,144,0
1932,7,"Unnamed",0,0,0,0,0,162,0
1932,8,"Unnamed",0,0,0,0,0,54,12
1932,9,"Unnamed",0,18,12,24,18,96,12
1932,10,"Unnamed",0,0,0,0,0,54,0
1932,11,"Unnamed",0,0,0,0,0,144,60
1932,12,"Unnamed",0,0,0,0,0,90,6
1932,13,"Unnamed",0,0,0,0,0,72,0
1932,14,"Unnamed",78,42,30,78,42,42,36
1932,15,"Unnamed",0,0,0,36,42,84,0
1933,1,"Unnamed",0,0,0,0,0,114,12
1933,2,"Unnamed",0,0,0,144,90,66,12
1933,3,"Unnamed",0,0,0,0,0,120,120
1933,4,"Unnamed",0,0,0,0,0,48,12
1933,5,"Unnamed",0,0,0,0,144,138,12
1933,6,"Unnamed",0,54,60,28,32,90,24
1933,7,"Unnamed",0,0,0,0,0,96,84
1933,8,"Unnamed",12,72,66,12,24,72,90
1933,9,"Unnamed",0,0,0,0,0,108,48
1933,10,"Unnamed",0,0,0,0,0,24,54
1933,11,"Unnamed",0,18,30,18,30,72,12
1933,12,"Unnamed",0,66,48,30,54,42,6
1933,13,"Unnamed",0,0,0,12,18,90,12
1933,14,"Unnamed",12,36,12,30,37,54,42
1933,15,"Unnamed",0,0,0,0,18,42,0
1933,16,"Unnamed",0,0,0,0,0,48,42
1933,17,"Unnamed",0,0,36,48,30,42,0
1933,18,"Unnamed",0,0,0,0,36,234,54
1933,19,"Unnamed",0,0,0,0,0,54,0
1933,20,"Unnamed",0,0,0,0,0,36,6
1934,1,"Unnamed",0,0,0,54,72,186,18
1934,2,"Unnamed",0,0,0,0,36,30,30
1934,3,"Unnamed",0,0,0,0,24,54,30
1934,4,"Unnamed",0,0,0,0,0,54,6
1934,5,"Unnamed",0,0,0,0,48,102,6
1934,6,"Unnamed",0,0,0,0,0,60,12
1934,7,"Unnamed",0,0,0,18,46,30,0
1934,8,"Unnamed",0,0,0,0,0,108,60
1934,9,"Unnamed",0,0,0,0,0,144,18
1934,10,"Unnamed",0,0,0,12,36,18,0
1934,11,"Unnamed",0,0,0,0,0,78,36
1934,12,"Unnamed",0,0,0,0,0,84,12
1934,13,"Unnamed",0,0,12,36,48,108,42
1935,1,"Unnamed",0,0,0,0,0,54,36
1935,2,"Unnamed",0,24,72,30,24,24,42
1935,3,"Unnamed",18,24,12,18,30,60,42
1935,4,"Unnamed",0,0,0,0,0,42,42
1935,5,"Unnamed",0,19,54,60,24,36,18
1935,6,"Unnamed",0,0,0,0,48,114,48
1935,7,"Unnamed",0,0,0,48,60,96,12
1935,8,"Unnamed",0,0,0,0,0,198,66
1936,1,"Unnamed",0,0,0,0,0,120,6
1936,2,"Unnamed",0,0,0,0,0,66,6
1936,3,"Unnamed",0,0,0,0,6,30,0
1936,4,"Unnamed",0,0,0,0,0,30,18
1936,5,"Unnamed",0,0,0,12,24,78,12
1936,6,"Unnamed",0,0,0,0,0,72,60
1936,7,"Unnamed",0,0,0,0,0,78,42
1936,8,"Unnamed",0,0,0,0,72,42,0
1936,9,"Unnamed",0,0,0,0,0,36,36
1936,10,"Unnamed",0,0,0,132,60,60,12
1936,11,"Unnamed",0,0,0,0,18,36,18
1936,12,"Unnamed",0,0,0,0,0,24,0
1936,13,"Unnamed",0,0,48,54,72,78,12
1936,14,"Unnamed",0,0,0,0,0,72,54
1936,15,"Unnamed",0,0,0,54,48,36,6
1936,16,"Unnamed",0,0,0,0,0,36,12
1936,17,"Unnamed",0,0,0,0,0,54,0
1937,1,"Unnamed",0,0,0,0,0,54,12
1937,2,"Unnamed",0,0,0,0,0,126,36
1937,3,"Unnamed",0,0,0,0,0,168,54
1937,4,"Unnamed",0,0,0,12,78,30,0
1937,5,"Unnamed",0,0,0,0,0,36,0
1937,6,"Unnamed",0,0,54,54,12,30,0
1937,7,"Unnamed",0,0,0,0,0,108,18
1937,8,"Unnamed",0,0,0,60,78,0,0
1937,9,"Unnamed",0,0,0,0,0,12,36
1937,10,"Unnamed",0,0,0,0,0,42,12
1937,11,"Unnamed",0,0,0,0,24,24,0
1938,1,"Unnamed",0,0,0,0,24,48,0
1938,2,"Unnamed",0,0,0,0,0,36,0
1938,3,"Unnamed",0,0,0,24,60,48,0
1938,4,"Unnamed",0,0,12,12,72,42,0
1938,5,"Unnamed",0,0,0,0,0,24,84
1938,6,"Unnamed",18,84,21,18,24,114,18
1938,7,"Unnamed",0,0,0,0,0,150,18
1938,8,"Unnamed",0,0,0,0,0,42,66
1938,9,"Unnamed",0,0,0,0,0,66,18
1939,1,"Unnamed",0,0,0,0,0,108,36
1939,2,"Unnamed",0,0,0,0,36,90,162
1939,3,"Unnamed",0,0,0,0,0,102,12
1939,4,"Unnamed",0,0,0,0,0,97,6
1939,5,"Unnamed",0,42,24,6,12,42,24
1939,6,"Unnamed",0,0,0,0,30,150,36
1940,1,"Unnamed",0,0,0,0,0,138,0
1940,2,"Unnamed",0,0,0,18,42,72,42
1940,3,"Unnamed",0,0,0,24,48,96,48
1940,4,"Unnamed",0,0,0,42,42,36,54
1940,5,"Unnamed",0,0,0,54,54,60,60
1940,6,"Unnamed",0,0,0,0,0,102,60
1940,7,"Unnamed",0,0,0,18,54,78,0
1940,8,"Unnamed",0,0,0,0,42,48,18
1940,9,"Unnamed",0,0,0,0,0,30,0
1941,1,"Unnamed",0,0,0,0,0,78,48
1941,2,"Unnamed",0,0,18,24,36,84,18
1941,3,"Unnamed",0,0,0,0,48,96,24
1941,4,"Unnamed",0,12,6,19,42,66,24
1941,5,"Unnamed",0,0,12,24,36,132,0
1941,6,"Unnamed",0,0,0,0,0,60,108
1942,1,"Unnamed",0,0,0,0,0,36,30
1942,2,"Unnamed",0,0,0,0,54,54,24
1942,3,"Unnamed",0,0,30,30,30,90,36
1942,4,"Unnamed",0,0,0,48,60,102,18
1942,5,"Unnamed",0,0,0,0,0,168,18
1942,6,"Unnamed",0,0,0,0,0,78,0
1942,7,"Unnamed",0,0,0,0,0,48,0
1942,8,"Unnamed",0,0,0,0,0,78,12
1942,9,"Unnamed",0,0,0,0,0,24,0
1942,10,"Unnamed",0,0,0,0,0,102,18
1942,11,"Unnamed",0,0,0,18,42,102,0
1943,1,"Unnamed",0,0,0,18,18,48,18
1943,2,"Unnamed",0,0,0,0,0,138,0
1943,3,"Unnamed",0,36,36,36,30,18,0
1943,4,"Unnamed",0,0,36,114,42,12,0
1943,5,"Unnamed",0,0,0,0,0,48,6
1943,6,"Unnamed",0,0,0,18,42,48,6
1943,7,"Unnamed",0,0,0,0,0,84,6
1943,8,"Unnamed",0,0,0,0,0,42,0
1943,9,"Unnamed",0,0,0,42,66,36,0
1943,10,"Unnamed",0,0,0,0,0,120,12
1944,1,"Unnamed",0,0,0,0,60,54,18
1944,2,"Unnamed",0,0,0,0,0,78,6
1944,3,"Unnamed",0,0,0,0,24,84,6
1944,4,"Unnamed",0,0,30,36,72,48,0
1944,5,"Unnamed",0,0,0,0,0,84,30
1944,6,"Unnamed",0,0,0,0,0,42,18
1944,7,"Unnamed",0,42,30,24,24,24,0
1944,8,"Unnamed",0,0,0,0,30,48,0
1944,9,"Unnamed",0,0,0,6,36,72,0
1944,10,"Unnamed",0,0,0,0,0,60,6
1944,11,"Unnamed",0,0,0,0,0,72,0
1944,12,"Unnamed",0,0,0,0,18,84,0
1944,13,"Unnamed",0,18,18,60,48,36,6
1944,14,"Unnamed",0,0,0,0,0,54,12
1945,1,"Unnamed",0,0,0,6,66,84,0
1945,2,"Unnamed",0,0,0,0,0,48,24
1945,3,"Unnamed",0,0,0,0,0,66,0
1945,4,"Unnamed",0,0,0,0,0,78,6
1945,5,"Unnamed",0,0,30,24,24,48,12
1945,6,"Unnamed",0,0,0,0,0,72,12
1945,7,"Unnamed",0,0,0,0,0,24,48
1945,8,"Unnamed",0,0,0,0,0,78,0
1945,9,"Unnamed",0,12,48,24,42,24,0
1945,10,"Unnamed",0,0,0,0,42,30,54
1945,11,"Unnamed",0,0,0,6,36,24,12
1946,1,"Unnamed",0,0,0,0,0,42,36
1946,2,"Unnamed",0,0,0,0,30,36,0
1946,3,"Unnamed",0,0,0,0,0,24,0
1946,4,"Unnamed",0,0,0,12,36,24,0
1946,5,"Unnamed",0,0,0,0,0,36,6
1946,6,"Unnamed",0,0,0,6,42,30,0
1946,7,"Unnamed",0,0,0,0,0,30,30
1947,1,"Unnamed",0,0,0,0,0,48,6
1947,2,"Unnamed",0,0,0,30,18,54,66
1947,3,"Unnamed",0,0,0,0,24,132,60
1947,4,"Unnamed",0,54,60,60,18,186,30
1947,5,"Unnamed",0,0,0,0,0,30,18
1947,6,"Unnamed",0,0,0,0,0,88,0
1947,7,"Unnamed",0,0,0,0,0,12,42
1947,8,"Unnamed",0,0,0,0,0,66,0
1947,9,"Unnamed",0,0,0,18,66,72,36
1947,10,"Unnamed",0,0,36,36,18,30,0
1948,1,"Unnamed",0,0,0,0,0,90,72
1948,2,"Unnamed",0,0,0,0,0,18,78
1948,3,"Unnamed",0,0,36,48,54,12,0
1948,4,"Unnamed",0,0,0,0,0,42,6
1948,5,"Unnamed",0,0,0,0,12,54,54
1948,6,"Unnamed",0,18,42,18,12,168,0
1948,7,"Unnamed",0,0,0,0,0,48,0
1948,8,"Unnamed",0,12,54,30,24,18,0
1948,9,"Unnamed",0,0,12,60,36,180,12
1948,10,"Unnamed",0,0,0,0,18,36,0
1949,1,"Unnamed",0,0,0,60,30,12,0
1949,2,"Unnamed",0,12,12,12,60,54,0
1949,3,"Unnamed",0,0,0,0,0,60,18
1949,4,"Unnamed",0,0,72,24,36,30,6
1949,5,"Unnamed",0,0,0,0,0,48,12
1949,6,"Unnamed",0,0,0,0,0,162,0
1949,7,"Unnamed",0,0,0,0,0,24,30
1949,8,"Unnamed",0,0,0,0,0,90,0
1949,9,"Unnamed",0,0,0,0,49,102,0
1949,10,"Unnamed",0,0,0,0,24,30,0
1949,11,"Unnamed",0,0,0,30,12,48,120
1949,12,"Unnamed",0,0,0,0,0,108,0
1949,13,"Unnamed",0,0,0,0,60,66,12
1949,14,"Unnamed",0,0,0,0,0,96,0
1949,15,"Unnamed",0,0,0,0,0,78,6
1949,16,"Unnamed",0,0,0,0,0,36,6
1950,1,"Able",0,0,78,24,66,66,0
1950,2,"Baker",0,0,0,36,54,180,72
1950,3,"Charlie",0,0,0,84,96,156,0
1950,4,"Dog",0,72,108,18,90,0,0
1950,5,"Easy",0,0,18,30,36,66,54
1950,6,"Fox",0,36,36,36,36,72,0
1950,7,"George",0,0,0,54,24,102,0
1950,8,"How",0,0,0,0,0,66,18
1950,9,"Item",0,0,0,18,24,42,0
1950,10,"Jig",0,0,12,12,36,48,0
1950,11,"King",0,7,5,6,60,42,48
1950,12,"Unnamed",0,0,0,0,0,168,12
1950,13,"Love",0,0,0,0,36,54,18
1950,14,"Mike",0,0,0,0,0,36,42
1950,15,"Unnamed",0,0,0,0,0,42,12
1950,16,"Unnamed",0,0,0,0,0,48,6
1951,1,"Unnamed",0,0,0,0,0,120,0
1951,2,"Able",0,0,0,0,156,42,12
1951,3,"Baker",0,0,0,0,0,78,6
1951,4,"Charlie",0,6,18,42,102,66,48
1951,5,"Dog",0,0,0,0,54,72,96
1951,6,"Easy",0,42,24,84,42,42,12
1951,7,"Fox",0,0,18,66,30,48,6
1951,8,"George",0,0,0,0,0,48,6
1951,9,"How",0,0,0,36,36,60,43
1951,10,"Item",0,0,0,0,0,78,54
1951,11,"Jig",0,0,0,0,24,36,0
1951,12,"Unnamed",0,0,0,0,24,66,0
1952,1,"Unnamed",0,0,0,0,0,18,0
1952,2,"Able",0,0,0,6,36,162,180
1952,3,"Unnamed",0,0,0,0,0,18,6
1952,4,"Baker",0,0,0,18,126,36,0
1952,5,"Unnamed",0,0,0,0,0,66,12
1952,6,"Charlie",0,0,24,18,12,24,18
1952,7,"Dog",0,0,0,0,0,115,36
1952,8,"Unnamed",0,0,0,0,0,49,72
1952,9,"Easy",0,0,0,12,18,72,18
1952,10,"Fox",0,30,6,12,42,54,24
1952,11,"Unnamed",0,0,0,0,0,102,6
1953,1,"Alice",0,0,0,0,0,216,84
1953,2,"Unnamed",0,0,0,0,0,66,18
1953,3,"Barbara",0,0,0,0,66,30,12
1953,4,"Carol",12,60,30,24,36,24,72
1953,5,"Unnamed",0,0,0,0,0,36,36
1953,6,"Dolly",0,0,0,0,36,66,6
1953,7,"Edna",0,0,12,36,30,12,0
1953,8,"Unnamed",0,0,0,0,0,84,42
1953,9,"Florence",0,0,6,18,24,36,0
1953,10,"Gail",0,0,0,0,42,192,0
1953,11,"Unnamed",0,0,0,0,0,54,6
1953,12,"Hazel",0,0,0,0,18,42,12
1953,13,"Unnamed",0,0,0,0,0,72,12
1953,14,"Unnamed",0,0,0,0,0,48,0
1954,1,"Unnamed",0,0,0,0,0,36,6
1954,2,"Unnamed",0,0,0,0,0,84,60
1954,3,"Alice",0,0,0,6,18,30,12
1954,4,"Unnamed",0,0,0,0,0,84,0
1954,5,"Barbara",0,0,0,0,0,42,30
1954,6,"Carol",0,0,9,48,36,42,12
1954,7,"Dolly",0,0,0,0,24,24,0
1954,8,"Edna",0,0,60,19.5,24,48,12
1954,9,"Unnamed",0,0,0,0,0,30,6
1954,10,"Florence",0,0,0,0,0,48,6
1954,11,"Unnamed",0,0,0,0,0,36,24
1954,12,"Gilda",0,0,0,0,0,91,42
1954,13,"Unnamed",0,0,0,18,96,48,109
1954,14,"Hazel",0,15.5,78,66,72,18,0
1954,15,"Unnamed",0,0,0,0,0,36,84
1954,16,"Alice",0,0,0,0,6,24,6
1955,16,"Alice",0,0,0,0,48,54,18
1955,1,"Brenda",0,0,0,0,0,42,30
1955,2,"Connie",0,24,48,54,84,66,6
1955,3,"Diane",0,0,0,12,108,144,60
1955,4,"Edith",0,0,0,18,42,126,48
1955,5,"Unnamed",0,0,0,0,0,48,24
1955,6,"Flora",0,0,0,48,84,30,0
1955,7,"Gladys",0,0,0,0,12,36,24
1955,8,"Ione",0,18,24,24,72,114,6
1955,9,"Hilda",0,0,42,18,57,75,6
1955,10,"Janet",19,11,18,48,60,60,0
1955,11,"Unnamed",0,0,0,0,0,18,72
1955,12,"Unnamed",0,0,0,0,0,102,0
1955,13,"Katie",0,0,0,12,12,72,12
1956,1,"Unnamed",0,0,0,0,0,36,42
1956,2,"Anna",0,0,0,0,12,24,6
1956,3,"Betsy",0,0,42,114,48,24,0
1956,4,"Carla",0,0,0,0,0,36,36
1956,5,"Dora",0,0,0,0,0,60,6
1956,6,"Ethel",0,0,0,0,0,42,18
1956,7,"Flossy",0,0,0,0,36,36,42
1956,8,"Greta",0,0,0,36,18,66,30
1956,9,"Unnamed",0,0,0,0,0,54,6
1956,10,"Unnamed",0,0,0,0,0,30,36
1956,11,"Unnamed",0,0,0,0,0,72,0
1956,12,"Unnamed",0,0,0,0,0,48,12
1957,1,"Unnamed",0,0,0,0,0,42,0
1957,2,"Audrey",0,0,12,6,36,42,6
1957,3,"Bertha",0,0,0,0,0,54,24
1957,4,"Carrie",0,36,42,156,186,42,30
1957,5,"Debbie",0,0,0,0,0,42,6
1957,6,"Esther",0,0,0,0,0,72,12
1957,7,"Frieda",0,0,0,0,18,78,36
1957,8,"Unnamed",0,0,0,0,0,103,12
1958,1,"Alma",0,0,0,0,0,30,18
1958,2,"Becky",0,0,0,0,0,198,18
1958,3,"Cleo",0,24,36,66,36,18,24
1958,4,"Daisy",0,12,24,36,6,42,18
1958,5,"Ella",0,0,0,12,30,126,18
1958,6,"Fifi",0,0,0,0,18,108,48
1958,7,"Gerda",0,0,0,0,0,150,36
1958,8,"Helene",0,30,24,6,36,48,42
1958,9,"Ilsa",0,0,0,24,78,30,0
1958,10,"Janice",0,0,0,6,108,36,24
1958,11,"Unnamed",0,0,0,0,0,42,18
1958,12,"Unnamed",0,0,0,0,0,24,12
1959,1,"Arlene",0,0,0,0,0,60,72
1959,2,"Beulah",0,0,0,0,0,78,6
1959,3,"Unnamed",0,0,0,0,6,30,0
1959,4,"Cindy",0,0,0,0,18,78,72
1959,5,"Debra",0,0,0,0,24,30,66
1959,6,"Edith",0,0,0,0,0,24,0
1959,7,"Flora",0,0,0,0,6,42,24
1959,8,"Gracie",0,18,12,6,60,108,36
1959,9,"Hannah",0,0,48,114,24,30,12
1959,10,"Irene",0,0,0,0,0,30,36
1959,11,"Judith",0,0,0,0,42,90,60
1959,12,"Unnamed",0,0,0,0,0,36,6
1959,13,"Unnamed",0,0,0,0,0,138,0
1959,14,"Unnamed",0,0,0,0,0,24,36
1960,1,"Unnamed",0,0,0,0,0,36,114
1960,2,"Abby",0,0,0,0,12,144,36
1960,3,"Brenda",0,0,0,0,0,60,18
1960,4,"Cleo",0,0,0,0,42,24,12
1960,5,"Donna",0,52,140,38,40,30,42
1960,6,"Ethel",0,0,12,0,24,36,48
1960,7,"Florence",0,0,0,0,0,66,162
1960,8,"Unnamed",0,0,0,0,0,30,18
1961,1,"Anna",0,0,36,36,24,18,0
1961,2,"Betsy",0,36,30,108,24,30,0
1961,3,"Carla",18,24,60,12,30,42,48
1961,4,"Debbie",0,0,42,12,174,6,0
1961,5,"Esther",0,84,120,6,24,126,24
1961,6,"Unnamed",0,0,0,0,0,30,48
1961,7,"Frances",0,0,54,24,36,96,6
1961,8,"Gerda",0,0,0,0,0,24,90
1961,9,"Hattie",18,24,43,0,6,24,0
1961,10,"Jenny",0,0,0,0,24,36,108
1961,11,"Inga",0,0,0,0,0,84,0
1962,1,"Alma",0,0,0,6,30,36,24
1962,2,"Becky",0,0,0,0,0,54,36
1962,3,"Celia",0,0,0,0,0,90,132
1962,4,"Daisy",0,0,0,42,66,30,78
1962,5,"Ella",0,0,12,24,66,54,18
1963,1,"Arlene",0,0,0,30,60,36,114
1963,2,"Beulah",0,0,18,48,66,30,18
1963,3,"Unnamed",0,0,0,0,0,78,24
1963,4,"Cindy",0,0,0,0,30,18,36
1963,5,"Debra",0,0,0,0,36,48,42
1963,6,"Edith",0,0,0,18,60,30,30
1963,7,"Flora",0,66,84,66,84,12,72
1963,8,"Ginny",0,0,0,42,163,36,72
1963,9,"Helena",0,0,0,0,0,54,49
1964,1,"Unnamed",0,0,0,0,0,102,120
1964,2,"Unnamed",0,0,0,0,0,42,84
1964,3,"Abby",0,0,0,0,0,18,54
1964,4,"Brenda",0,0,0,0,0,54,18
1964,5,"Cleo",0,66,18,18,126,84,66
1964,6,"Dora",0,12,84,84,18,108,96
1964,7,"Ethel",0,0,12,72,114,66,6
1964,8,"Florence",0,0,0,0,0,54,54
1964,9,"Gladys",0,42,24,54,120,24,6
1964,10,"Hilda",0,36,30,12,12,24,24
1964,11,"Isbell",0,0,30,6,24,18,108
1964,12,"Unnamed",0,0,0,0,0,42,78
1965,1,"Unnamed",0,0,0,0,0,42,66
1965,2,"Anna",0,0,0,0,48,60,0
1965,3,"Betsy",0,54,126,18,84,24,84
1965,4,"Carol",0,0,0,6,246,72,36
1965,5,"Debbie",0,0,0,0,0,30,102
1965,6,"Elena",0,0,0,0,60,54,36
1966,1,"Alma",0,0,12,42,42,72,54
1966,2,"Becky",0,0,0,0,12,12,12
1966,3,"Celia",0,0,0,0,18,48,126
1966,5,"Ella",0,0,0,0,0,96,54
1966,4,"Dorothy",0,0,0,0,108,60,18
1966,6,"Faith",0,0,36,222,72,36,24
1966,7,"Greta",0,0,0,0,0,42,108
1966,8,"Hallie",0,0,0,0,0,24,12
1966,9,"Inez",0,96,66,36,132,60,90
1966,10,"Judith",0,0,0,0,0,36,48
1966,11,"Lois",0,0,0,0,90,30,54
1967,1,"Unnamed",0,0,0,0,0,0,48
1967,2,"Unnamed",0,0,0,0,0,0,72
1967,3,"Unnamed",0,0,0,0,0,0,90
1967,4,"Unnamed",0,0,0,0,0,0,48
1967,5,"Unnamed",0,0,0,0,0,0,96
1967,6,"Unnamed",0,0,0,0,0,0,24
1967,7,"Unnamed",0,0,0,0,0,0,72
1967,8,"Unnamed",0,0,0,0,0,0,144
1967,9,"Unnamed",0,0,0,0,0,0,72
1967,10,"Unnamed",0,0,0,0,0,0,96
1967,11,"Arlene",0,0,0,0,24,90,42
1967,12,"Chloe",0,0,0,84,180,42,84
1967,13,"Beulah",18,42,78,60,60,102,54
1967,14,"Doria",0,0,0,0,132,66,126
1967,15,"Unnamed",0,0,0,0,0,0,192
1967,16,"Unnamed",0,0,0,0,0,0,192
1967,17,"Unnamed",0,0,0,0,0,0,72
1967,18,"Edith",0,0,0,0,0,42,78
1967,19,"Fern",0,0,0,0,36,24,12
1967,20,"Unnamed",0,0,0,0,0,0,48
1967,21,"Ginger",0,0,0,0,0,30,48
1967,22,"Unnamed",0,0,0,0,0,0,24
1967,23,"Unnamed",0,0,0,0,0,0,48
1967,24,"Unnamed",0,0,0,0,0,0,48
1967,25,"Heidi",0,0,0,0,157,108,30
1967,26,"Unnamed",0,0,0,0,0,0,73
1968,1,"Abby",0,0,0,0,18,102,180
1968,2,"Brenda",0,0,0,0,36,84,96
1968,3,"Candy",0,0,0,0,0,12,60
1968,4,"Unnamed",0,0,0,0,0,0,24
1968,5,"Dolly",0,0,0,0,66,30,72
1968,6,"Unnamed",0,0,0,0,0,0,144
1968,7,"Unnamed",0,0,0,0,0,0,84
1968,8,"Edna",0,0,0,0,0,84,96
1968,10,"Unnamed",0,0,0,0,0,0,108
1968,11,"Unnamed",0,0,0,0,0,0,60
1968,12,"Frances",0,0,0,0,0,60,78
1968,13,"Unnamed",0,0,0,0,0,0,102
1968,14,"Gladys",0,0,0,0,114,24,48
1968,15,"Unnamed",0,0,0,0,0,0,24
1969,1,"Unnamed",0,0,0,0,0,0,96
1969,2,"Unnamed",0,0,0,0,0,0,24
1969,3,"Unnamed",0,0,0,0,0,0,48
1969,4,"Unnamed",0,0,0,0,0,0,72
1969,5,"Unnamed",0,0,0,0,0,0,48
1969,6,"Anna",0,0,0,0,0,126,102
1969,7,"Blanche",0,0,0,0,18,6,12
1969,8,"Debbie",0,0,78,66,60,36,24
1969,9,"Camille",30,18,6,18,12,72,42
1969,10,"Unnamed",0,0,0,0,0,0,96
1969,11,"Unnamed",0,0,0,0,0,0,48
1969,12,"Eve",0,0,0,0,0,30,36
1969,13,"Francelia",0,0,6,30,24,60,36
1969,14,"Unnamed",0,0,0,0,0,0,72
1969,15,"Unnamed",0,0,0,0,0,0,120
1969,16,"Gerda",0,0,12,6,12,12,54
1969,17,"Holly",0,0,0,0,54,42,60
1969,18,"Unnamed",0,0,0,0,0,0,96
1969,19,"Unnamed",0,0,0,0,0,0,42
1969,20,"Inga",0,0,6,48,198,156,180
1969,21,"Unnamed",0,0,0,0,36,0,0
1969,22,"Unnamed",0,0,0,0,0,90,0
1969,24,"Jenny",0,0,0,0,0,12,114
1969,25,"Kara",0,0,0,12,72,132,54
1969,26,"Laurie",0,0,0,18,48,60,121
1969,27,"Unnamed",0,0,0,0,0,36,0
1969,28,"Unnamed",0,0,0,0,24,84,0
1969,29,"Martha",0,0,0,0,36,48,12
1970,1,"Alma",0,0,0,0,12,42,162
1970,2,"Becky",0,0,0,0,0,48,60
1970,3,"Unnamed",0,0,0,0,0,0,126
1970,4,"Celia",0,0,12,24,18,30,54
1970,5,"Unnamed",0,0,0,0,0,0,96
1970,6,"Unnamed",0,0,0,0,0,0,36
1970,7,"Unnamed",0,0,0,0,0,0,168
1970,8,"Unnamed",0,0,0,0,0,18,60
1970,9,"Dorothy",0,0,0,0,0,90,54
1970,10,"Unnamed",0,0,0,0,0,0,138
1970,11,"Unnamed",0,0,0,0,0,0,54
1970,12,"Ella",0,0,12,6,30,12,54
1970,13,"Felice",0,0,0,0,0,36,96
1970,14,"Unnamed",0,0,0,0,0,0,78
1970,15,"Unnamed",0,0,0,0,0,0,432
1970,16,"Greta",0,0,0,0,0,30,174
1970,17,"Unnamed",0,0,0,0,0,0,48
1970,18,"Unnamed",0,0,0,12,18,12,0
1970,19,"Unnamed",0,0,0,0,12,60,0
1971,1,"Arlene",0,0,0,0,0,42,30
1971,2,"Unnamed",0,0,0,0,0,0,24
1971,3,"Unnamed",0,0,0,0,0,0,24
1971,4,"Unnamed",0,0,0,0,24,18,54
1971,5,"Unnamed",0,0,0,0,0,0,72
1971,6,"Beth",0,0,0,0,42,12,96
1971,7,"Unnamed",0,0,0,0,0,0,96
1971,8,"Chloe",0,0,0,0,0,36,132
1971,9,"Doria",0,0,0,0,0,42,156
1971,10,"Unnamed",0,0,0,0,0,0,96
1971,11,"Fern",0,0,0,0,36,78,114
1971,12,"Unnamed",0,0,0,0,0,0,126
1971,13,"Edith",6,6,12,12,54,144,66
1971,14,"Ginger",0,0,0,72,396,42,138
1971,15,"Unnamed",0,0,0,0,0,0,72
1971,16,"Unnamed",0,0,0,0,0,0,96
1971,17,"Heidi",0,0,0,0,0,66,30
1971,18,"Irene",0,0,0,0,18,60,138
1971,19,"Janice",0,0,0,0,0,54,30
1971,20,"Unnamed",0,0,0,0,0,0,192
1971,21,"Kristy",0,0,0,0,0,24,48
1971,22,"Laura",0,0,0,0,0,180,48
1972,2,"Agnes",0,0,0,0,36,84,84
1972,3,"Unnamed",0,0,0,0,0,0,42
1972,4,"Unnamed",0,0,0,0,0,0,54
1972,5,"Unnamed",0,0,0,0,0,0,102
1972,6,"Unnamed",0,0,0,0,0,0,72
1972,7,"Unnamed",0,0,0,0,0,0,54
1972,8,"Unnamed",0,0,0,0,0,0,72
1972,9,"Unnamed",0,0,0,0,0,0,48
1972,10,"Betty",0,0,0,48,36,42,0
1972,11,"Carrie",0,0,0,0,0,90,36
1972,12,"Unnamed",0,0,0,0,0,0,48
1972,13,"Dawn",0,0,0,0,30,120,78
1972,15,"Unnamed",0,0,0,0,0,0,96
1972,16,"Unnamed",0,0,0,0,0,0,48
1972,17,"Unnamed",0,0,0,0,0,0,240
1972,18,"Unnamed",0,0,0,0,0,0,96
1973,1,"Unnamed",0,0,0,0,0,0,72
1973,2,"Unnamed",0,0,0,0,0,0,72
1973,3,"Unnamed",0,0,0,0,0,0,48
1973,4,"Alice",0,0,0,0,60,36,30
1973,5,"Unnamed",0,0,0,0,0,0,48
1973,7,"Unnamed",0,0,0,0,0,0,48
1973,8,"Brenda",0,0,0,0,18,60,12
1973,9,"Christine",0,0,0,0,0,150,96
1973,10,"Delia",0,0,0,0,0,90,42
1973,11,"Unnamed",0,0,0,0,0,0,144
1973,12,"Ellen",0,0,0,18,66,84,24
1973,13,"Unnamed",0,0,0,0,0,0,48
1973,14,"Fran",0,0,0,0,66,0,0
1973,15,"Unnamed",0,0,0,0,0,0,48
1973,16,"Gilda",0,0,0,0,0,114,78
1973,17,"Unnamed",0,0,0,0,0,0,30
1974,1,"Unnamed",0,0,0,0,0,0,96
1974,3,"Unnamed",0,0,0,0,0,0,48
1974,4,"Unnamed",0,0,0,0,0,0,102
1974,7,"Alma",0,0,0,0,0,48,24
1974,8,"Unnamed",0,0,0,0,0,0,48
1974,9,"Becky",0,0,36,36,30,18,42
1974,10,"Carmen",0,36,30,18,54,90,60
1974,11,"Unnamed",0,0,0,0,0,0,216
1974,12,"Dolly",0,0,0,0,0,36,24
1974,13,"Elaine",0,0,0,0,0,96,120
1974,14,"Fifi",0,0,0,42,18,48,84
1974,15,"Unnamed",0,0,0,0,0,0,54
1974,16,"Unnamed",0,0,0,0,0,0,96
1974,17,"Gertrude",0,0,0,0,42,48,66
1974,18,"Unnamed",0,0,0,0,0,0,30
1974,19,"Unnamed",0,0,0,0,0,0,72
1974,20,"Unnamed",0,0,0,0,0,0,48
1975,1,"Unnamed",0,0,0,0,0,0,120
1975,2,"Amy",0,0,0,0,0,126,48
1975,3,"Unnamed",0,0,0,0,0,0,24
1975,4,"Blanche",0,0,0,0,24,24,54
1975,5,"Unnamed",0,0,0,0,0,0,36
1975,6,"Unnamed",0,0,0,0,0,0,48
1975,7,"Caroline",0,0,12,6,24,24,126
1975,8,"Doris",0,0,0,48,48,36,0
1975,9,"Unnamed",0,0,0,0,0,0,138
1975,10,"Unnamed",0,0,0,0,0,0,72
1975,11,"Unnamed",0,0,0,0,0,0,30
1975,12,"Unnamed",0,0,0,0,0,0,78
1975,13,"Eloise",0,0,12,12,24,144,66
1975,14,"Faye",0,0,0,36,42,114,72
1975,15,"Gladys",0,12,18,12,144,24,48
1975,16,"Unnamed",0,0,0,0,0,0,96
1975,17,"Unnamed",0,0,0,0,0,0,48
1975,18,"Unnamed",0,0,0,0,0,0,72
1975,19,"Hallie",0,0,0,0,0,18,12
1975,20,"Unnamed",0,0,0,0,0,0,54
1975,21,"Unnamed",0,0,0,0,0,0,102
1975,22,"Unnamed",0,0,0,0,0,0,48
1976,2,"Unnamed",0,0,0,0,0,0,54
1976,3,"Unnamed",0,0,0,0,0,0,30
1976,4,"Unnamed",0,0,0,0,0,0,48
1976,5,"Unnamed",0,0,0,0,0,0,30
1976,6,"Anna",0,0,0,0,0,36,0
1976,7,"Belle",0,0,18,24,18,24,18
1976,8,"Dottie",0,0,0,0,0,42,42
1976,9,"Candice",0,0,0,0,78,60,6
1976,10,"Emmy",0,0,0,138,96,72,48
1976,11,"Frances",0,0,6,42,78,30,30
1976,12,"Unnamed",0,0,0,0,0,0,48
1976,13,"Unnamed",0,0,0,0,0,0,48
1976,15,"Unnamed",0,0,0,0,0,0,168
1976,16,"Unnamed",0,0,0,0,0,0,54
1976,17,"Gloria",0,0,0,30,42,90,36
1976,18,"Unnamed",0,0,0,0,0,0,48
1976,19,"Unnamed",0,0,0,0,0,0,216
1976,20,"Unnamed",0,0,0,0,0,0,72
1976,21,"Holly",0,0,0,0,24,90,24
1977,1,"Unnamed",0,0,0,0,0,0,30
1977,2,"Unnamed",0,0,0,0,0,0,30
1977,3,"Unnamed",0,0,0,0,0,0,24
1977,4,"Unnamed",0,0,0,0,0,0,72
1977,5,"Anita",12,6,6,12,42,18,18
1977,6,"Babe",0,0,0,0,12,18,72
1977,7,"Clara",0,0,0,0,18,60,60
1977,8,"Unnamed",0,0,0,0,0,0,48
1977,9,"Unnamed",0,0,0,0,0,0,24
1977,10,"Dorothy",0,0,0,0,24,24,18
1977,11,"Unnamed",0,0,0,0,0,0,48
1977,12,"Unnamed",0,0,0,0,0,0,48
1977,13,"Evelyn",0,0,0,0,18,18,12
1977,14,"Frieda",0,0,0,0,0,24,30
1977,15,"Unnamed",0,0,0,0,0,0,30
1978,2,"Unnamed",0,0,0,0,0,0,30
1978,3,"Unnamed",0,0,0,0,0,0,48
1978,4,"Amelia",0,0,0,0,0,18,12
1978,5,"Bess",0,0,0,0,0,42,30
1978,6,"Cora",0,0,0,0,30,42,36
1978,7,"Unnamed",0,0,0,0,0,0,102
1978,8,"Unnamed",0,0,0,0,0,0,30
1978,9,"Debra",0,0,0,0,0,12,66
1978,10,"Ella",0,18,42,18,36,24,18
1978,11,"Unnamed",0,0,0,0,0,0,48
1978,12,"Unnamed",0,0,0,0,0,0,192
1978,13,"Flossie",0,0,0,18,60,138,66
1978,14,"Unnamed",0,0,0,0,0,0,54
1978,15,"Hope",0,0,0,0,0,96,0
1978,16,"Greta",0,6,18,24,18,54,30
1978,17,"Unnamed",0,0,0,0,0,0,264
1978,18,"Unnamed",0,0,0,0,0,0,48
1978,19,"Irma",0,0,0,0,0,24,0
1978,20,"Juliet",0,0,0,0,0,72,18
1978,21,"Unnamed",0,0,0,0,0,0,102
1978,22,"Unnamed",0,0,0,0,0,0,73
1978,23,"Kendra",0,0,0,0,30,43,6
1978,24,"Unnamed",0,0,0,0,0,0,48
1979,1,"Unnamed",0,0,0,0,0,0,126
1979,2,"Ana",0,0,0,0,0,30,78
1979,3,"Unnamed",0,0,0,0,0,0,120
1979,4,"Bob",0,0,0,0,18,24,126
1979,5,"Unnamed",0,0,0,0,0,0,78
1979,6,"Claudette",0,0,0,0,0,66,270
1979,7,"Unnamed",0,0,0,0,0,0,78
1979,8,"Unnamed",0,0,0,0,0,0,144
1979,9,"David",42,60,6,36,66,60,18
1979,10,"Unnamed",0,0,0,0,0,0,72
1979,11,"Frederic",0,18,12,18,48,210,84
1979,12,"Elena",0,0,0,0,0,48,24
1979,13,"Unnamed",0,0,0,0,0,0,120
1979,14,"Gloria",0,0,0,24,138,42,48
1979,15,"Henri",0,0,0,0,24,54,144
1979,16,"Unnamed",0,0,0,0,0,0,120
1979,17,"Unnamed",0,0,0,0,0,0,192
1979,19,"Unnamed",0,0,0,0,0,0,121
1979,20,"Unnamed",0,0,0,0,0,0,60
1980,1,"Unnamed",0,0,0,0,0,0,96
1980,2,"Unnamed",0,0,0,0,0,0,96
1980,3,"Unnamed",0,0,0,0,0,0,96
1980,4,"Allen",72,66,18,12,24,36,30
1980,5,"Unnamed",0,0,0,0,0,0,96
1980,6,"Bonnie",0,0,0,18,66,36,12
1980,7,"Charley",0,0,0,0,30,36,0
1980,8,"Unnamed",0,0,0,0,0,0,96
1980,9,"Georges",0,0,0,0,18,24,144
1980,10,"Earl",0,0,0,0,54,78,12
1980,11,"Danielle",0,0,0,0,0,18,48
1980,12,"Frances",0,0,18,156,120,42,18
1980,13,"Hermine",0,0,0,0,0,108,24
1980,14,"Ivan",0,0,0,102,36,30,6
1980,15,"Unnamed",0,0,0,0,0,0,48
1980,16,"Jeanne",0,0,0,6,30,96,48
1980,17,"Unnamed",0,0,0,0,0,0,144
1980,18,"Karl",0,0,0,0,48,0,0
1981,1,"Unnamed",0,0,0,0,0,0,24
1981,2,"Unnamed",0,0,0,0,0,0,54
1981,3,"Arlene",0,0,0,0,0,24,36
1981,4,"Unnamed",0,0,0,0,0,0,60
1981,5,"Unnamed",0,0,0,0,0,0,36
1981,6,"Bret",0,0,0,0,0,24,6
1981,7,"Unnamed",0,0,0,0,0,0,42
1981,8,"Unnamed",0,0,0,0,0,0,36
1981,9,"Cindy",0,0,0,0,0,36,6
1981,10,"Dennis",0,0,0,0,12,198,138
1981,11,"Unnamed",0,0,0,0,0,0,108
1981,12,"Unnamed",0,0,0,0,0,0,66
1981,13,"Emily",0,0,0,0,96,144,0
1981,14,"Floyd",0,0,24,36,12,114,30
1981,15,"Gert",0,0,0,36,18,108,48
1981,16,"Harvey",0,6,24,30,72,18,24
1981,17,"Unnamed",0,0,0,0,0,0,60
1981,18,"Irene",0,0,36,60,54,60,42
1981,19,"Unnamed",0,0,0,0,0,0,210
1981,20,"Jose",0,0,0,0,0,60,12
1981,21,"Katrina",0,0,0,0,24,60,30
1982,1,"Alberto",0,0,0,0,12,30,54
1982,3,"Beryl",0,0,0,0,0,120,96
1982,4,"Unnamed",0,0,0,0,0,0,84
1982,5,"Chris",0,0,0,0,0,36,30
1982,6,"Debby",0,6,24,54,42,18,24
1982,7,"Unnamed",0,0,0,0,0,0,84
1982,8,"Ernesto",0,0,0,0,0,36,18
1983,1,"Unnamed",0,0,0,0,0,0,126
1983,2,"Unnamed",0,0,0,0,0,0,144
1983,3,"Alicia",0,0,6,12,24,42,24
1983,4,"Barry",0,0,0,0,12,59,67
1983,5,"Chantal",0,0,0,0,30,66,18
1983,6,"Dean",0,0,0,0,0,72,0
1984,1,"Unnamed",0,0,0,0,0,0,60
1984,2,"Unnamed",0,0,0,0,0,0,42
1984,3,"Unnamed",0,0,0,0,0,0,60
1984,4,"Unnamed",0,0,0,0,0,0,54
1984,6,"Arthur",0,0,0,0,0,54,138
1984,7,"Bertha",0,0,0,0,0,24,102
1984,8,"Cesar",0,0,0,0,0,48,0
1984,9,"Unnamed",0,0,0,0,0,0,42
1984,10,"Diana",0,6,12,30,30,102,0
1984,11,"Edouard",0,0,0,0,0,24,12
1984,12,"Fran",0,0,0,0,0,84,36
1984,13,"Gustav",0,0,0,0,0,12,48
1984,14,"Hortense",0,0,0,0,12,180,0
1984,15,"Isidore",0,0,0,0,0,108,36
1984,16,"Josephine",0,0,0,48,120,72,0
1984,17,"Unnamed",0,0,0,0,0,0,66
1984,18,"Klaus",0,0,0,0,108,30,24
1984,19,"Unnamed",0,0,0,0,0,0,114
1984,20,"Lili",0,0,0,0,66,24,6
1985,1,"Ana",0,0,0,0,0,54,24
1985,2,"Bob",0,0,0,0,12,60,42
1985,3,"Claudette",0,0,0,0,42,96,0
1985,4,"Danny",0,0,0,0,24,36,102
1985,5,"Elena",0,0,36,42,24,30,54
1985,6,"Unnamed",0,0,0,0,0,0,120
1985,7,"Unnamed",0,0,0,0,0,0,54
1985,8,"Fabian",0,0,0,0,0,66,24
1985,9,"Gloria",0,18,18,40,68,72,54
1985,10,"Henri",0,0,0,0,0,42,36
1985,11,"Isabel",0,0,0,0,0,90,114
1985,12,"Juan",0,0,0,0,42,97,12
1985,13,"Kate",0,0,24,48,66,48,0
1985,14,"Unnamed",0,0,0,0,0,0,54
1986,1,"Andrew",0,0,0,0,0,66,0
1986,2,"Bonnie",0,0,0,0,24,30,60
1986,3,"Unnamed",0,0,0,0,0,0,120
1986,4,"Unnamed",0,0,0,0,0,0,36
1986,5,"Charley",0,0,0,0,24,96,6
1986,6,"Unnamed",0,0,0,0,0,0,120
1986,7,"Unnamed",0,0,0,0,0,0,72
1986,8,"Danielle",0,0,0,0,0,48,30
1986,9,"Earl",0,0,0,84,84,18,6
1986,10,"Frances",0,0,0,0,30,30,12
1987,1,"Unnamed",0,0,0,0,0,0,180
1987,3,"Unnamed",0,0,0,0,0,24,162
1987,2,"Arlene",0,0,0,0,36,252,24
1987,4,"Unnamed",0,0,0,0,0,0,60
1987,5,"Bret",0,0,0,0,0,96,54
1987,6,"Unnamed",0,0,0,0,0,0,78
1987,7,"Cindy",0,0,0,0,0,72,48
1987,8,"Unnamed",0,0,0,0,0,0,66
1987,9,"Unnamed",0,0,0,0,0,0,36
1987,10,"Dennis",0,0,0,0,0,180,102
1987,11,"Unnamed",0,0,0,0,0,0,96
1987,12,"Emily",0,0,9,9,42,78,18
1987,13,"Floyd",0,0,0,0,12,60,30
1987,14,"Unnamed",0,0,0,0,0,0,96
1988,1,"Alberto",0,0,0,0,0,18,42
1988,2,"Beryl",0,0,0,0,0,36,30
1988,3,"Chris",0,0,0,0,0,18,162
1988,4,"Debby",0,0,0,0,12,24,156
1988,5,"Ernesto",0,0,0,0,0,30,18
1988,6,"Unnamed",0,0,0,0,0,54,18
1988,7,"Florence",0,0,0,0,12,54,36
1988,8,"Gilbert",24,29,55,24,18,42,66
1988,9,"Helene",0,36,30,60,84,30,12
1988,10,"Isaac",0,0,0,0,0,18,48
1988,11,"Joan",0,18,30,24,48,168,12
1988,12,"Keith",0,0,0,0,0,102,60
1988,13,"Unnamed",0,0,0,0,0,0,48
1988,14,"Unnamed",0,0,0,0,0,0,36
1988,15,"Unnamed",0,0,0,0,0,0,264
1988,16,"Unnamed",0,0,0,0,0,0,90
1988,17,"Unnamed",0,0,0,0,0,0,6
1988,18,"Unnamed",0,0,0,0,0,0,30
1988,19,"Unnamed",0,0,0,0,0,0,48
1989,1,"Unnamed",0,0,0,0,0,0,36
1989,2,"Allison",0,0,0,0,0,36,36
1989,3,"Barry",0,0,0,0,0,66,36
1989,4,"Chantal",0,0,0,0,18,30,36
1989,5,"Dean",0,0,0,24,120,36,24
1989,6,"Unnamed",0,0,0,0,0,0,210
1989,7,"Erin",0,0,0,48,60,66,42
1989,8,"Felix",0,0,0,0,48,168,120
1989,9,"Unnamed",0,0,0,0,0,0,30
1989,10,"Gabrielle",0,66,36,48,72,78,36
1989,11,"Hugo",6,78,48,60,18,54,30
1989,12,"Iris",0,0,0,0,0,72,48
1989,13,"Unnamed",0,0,0,0,0,0,84
1989,14,"Jerry",0,0,0,0,12,72,18
1989,15,"Karen",0,0,0,0,0,102,36
1990,1,"Unnamed",0,0,0,0,0,0,36
1990,2,"Arthur",0,0,0,0,0,66,60
1990,3,"Bertha",0,0,0,0,78,42,18
1990,4,"Cesar",0,0,0,0,0,108,72
1990,6,"Edouard",0,0,0,0,0,42,66
1990,5,"Diana",0,0,0,6,12,66,48
1990,7,"Fran",0,0,0,0,0,18,54
1990,8,"Gustav",0,0,24,72,78,42,18
1990,9,"Hortense",0,0,0,0,0,90,60
1990,10,"Isidore",0,0,0,6,192,84,36
1990,11,"Unnamed",0,0,0,0,0,0,216
1990,12,"Josephine",0,0,0,0,36,126,204
1990,13,"Klaus",0,0,0,0,18,108,18
1990,14,"Lili",0,0,0,0,60,30,0
1990,15,"Marco",0,0,0,0,0,42,24
1990,16,"Nana",0,0,0,0,54,48,30
1991,1,"Ana",0,0,0,0,0,36,30
1991,2,"Unnamed",0,0,0,0,0,0,30
1991,3,"Bob",0,0,6,24,24,36,18
1991,4,"Unnamed",0,0,0,0,0,0,36
1991,5,"Unnamed",0,0,0,0,0,0,72
1991,6,"Claudette",0,8,16,24,42,60,42
1991,7,"Danny",0,0,0,0,0,72,36
1991,8,"Erika",0,0,0,0,0,60,24
1991,9,"Fabian",0,0,0,0,0,24,12
1991,10,"Unnamed",0,0,0,0,0,0,24
1991,11,"Grace",0,0,0,2,36,6,0
1991,12,"Unnamed",0,0,0,0,12,24,0
1992,2,"Unnamed",0,0,0,0,0,0,24
1992,3,"Unnamed",0,0,0,0,0,0,42
1992,4,"Andrew",15.3333333333333,59.1666666666667,9.5,6,18,126,42
1992,5,"Bonnie",0,0,0,102,42,138,30
1992,6,"Charley",0,0,0,42,42,36,18
1992,7,"Danielle",0,0,0,0,0,90,6
1992,8,"Unnamed",0,0,0,0,0,0,144
1992,9,"Earl",0,0,0,0,0,96,66
1992,10,"Frances",0,0,0,0,49,42,0
1993,1,"Unnamed",0,0,0,0,0,0,42
1993,2,"Arlene",0,0,0,0,0,24,54
1993,3,"Bret",0,0,0,0,0,126,42
1993,4,"Cindy",0,0,0,0,0,51,9
1993,5,"Emily",0,0,18,48,108,72,102
1993,6,"Dennis",0,0,0,0,0,72,48
1993,7,"Floyd",0,0,0,0,18,48,6
1993,8,"Gert",0,0,0,6,18,60,84
1993,9,"Harvey",0,0,0,0,6,24,36
1993,10,"Unnamed",0,0,0,0,0,0,24
1994,1,"Alberto",0,0,0,0,0,48,132
1994,2,"Unnamed",0,0,0,0,0,0,24
1994,3,"Beryl",0,0,0,0,0,24,84
1994,4,"Chris",0,0,0,0,48,114,12
1994,5,"Unnamed",0,0,0,0,0,0,48
1994,6,"Debby",0,0,0,0,0,24,12
1994,7,"Ernesto",0,0,0,0,0,48,54
1994,8,"Unnamed",0,0,0,0,0,0,54
1994,9,"Unnamed",0,0,0,0,0,0,36
1994,10,"Unnamed",0,0,0,0,0,0,36
1994,11,"Florence",0,0,0,24,72,18,6
1994,12,"Gordon",0,0,0,0,24,204,90
1995,1,"Allison",0,0,0,0,18,42,12
1995,2,"Barry",0,0,0,0,0,72,48
1995,3,"Chantal",0,0,0,0,0,156,48
1995,4,"Dean",0,0,0,0,0,12,108
1995,5,"Erin",0,0,0,2.5,57.5,48,48
1995,6,"Unnamed",0,0,0,0,0,0,42
1995,7,"Felix",0,18,24,18,162,108,18
1995,8,"Gabrielle",0,0,0,0,0,36,18
1995,9,"Humberto",0,0,0,60,144,30,6
1995,10,"Iris",0,0,0,42,138,120,6
1995,11,"Jerry",0,0,0,0,0,30,96
1995,12,"Karen",0,0,0,0,0,126,54
1995,13,"Luis",0,144,48,48,36,42,36
1995,14,"Unnamed",0,0,0,0,0,0,96
1995,15,"Marilyn",0,0,12,48,126,30,6
1995,16,"Noel",0,0,0,0,66,162,18
1995,17,"Opal",0,8,16,6,36,54,66
1995,18,"Pablo",0,0,0,0,0,72,18
1995,19,"Roxanne",0,0,8.13333333333333,9.86666666666667,102,120,78
1995,20,"Sebastien",0,0,0,0,0,72,36
1995,21,"Tanya",0,0,0,0,72,55,12
1996,1,"Arthur",0,0,0,0,0,36,48
1996,2,"Bertha",0,0,12,24,96,78,12
1996,3,"Cesar",0,0,0,0,24,54,18
1996,4,"Dolly",0,0,0,0,12.5,77.5,48
1996,5,"Edouard",0,120,66,18,48,30,60
1996,6,"Fran",0,0,48,12,126,60,144
1996,7,"Gustav",0,0,0,0,0,108,60
1996,8,"Hortense",0,24,24,30,72,48,90
1996,9,"Isidore",0,0,12,36,42,60,24
1996,10,"Josephine",0,0,0,0,0,33.5,48
1996,11,"Kyle",0,0,0,0,0,18,12
1996,12,"Lili",0,0,6,38.5,177.5,36,42
1996,13,"Marco",0,0,0,0,12,144,84
1997,2,"Ana",0,0,0,0,0,60,24
1997,3,"Bill",0,0,0,0,12,30,6
1997,4,"Claudette",0,0,0,0,0,60,18
1997,5,"Danny",0,0,0,0,42,66,120
1997,6,"Unnamed",0,0,0,0,0,0,42
1997,7,"Erika",0,0,54,24,96,114,12
1997,8,"Fabian",0,0,0,0,0,60,24
1997,9,"Grace",0,0,0,0,0,60,12
1998,1,"Alex",0,0,0,0,0,114,36
1998,2,"Bonnie",0,0,84,30,42,84,24
1998,3,"Charley",0,0,0,0,0,24,42
1998,4,"Danielle",0,0,0,66,156,18,12
1998,5,"Earl",0,0,0,6,18,42,6
1998,6,"Frances",0,0,0,0,0,54,66
1998,7,"Georges",0,30,26,136,78,42,66
1998,8,"Hermine",0,0,0,0,0,24,54
1998,9,"Ivan",0,0,0,0,78,72,42
1998,10,"Jeanne",0,0,0,48,120,48,12
1998,11,"Karl",0,0,0,12,48,36,12
1998,12,"Lisa",0,0,0,0,6,102,6
1998,13,"Mitch",42,36,13,18,24,120,96
1998,14,"Nicole",0,0,0,0,36,108,36
1999,1,"Arlene",0,0,0,0,0,108,42
1999,2,"Unnamed",0,0,0,0,0,0,12
1999,3,"Bret",0,24,6,6,24,42,48
1999,4,"Cindy",0,30,12,30,72,114,42
1999,5,"Dennis",0,0,0,60,78,150,60
1999,6,"Emily",0,0,0,0,0,96,6
1999,7,"Unnamed",0,0,0,0,0,0,42
1999,8,"Floyd",0,42,36,48,24,66,12
1999,9,"Gert",0,84,60,36,48,30,24
1999,10,"Harvey",0,0,0,0,0,48,18
1999,11,"Unnamed",0,0,0,0,0,0,54
1999,12,"Unnamed",0,0,0,0,0,0,66
1999,13,"Irene",0,0,0,12,78,42,6
1999,14,"Jose",0,0,0,4,49.0833333333333,114.916666666667,12
1999,15,"Katrina",0,0,0,0,0,12,79
1999,16,"Lenny",0,30,18,24,42,48,66
2000,1,"Unnamed",0,0,0,0,0,0,18
2000,2,"Unnamed",0,0,0,0,0,0,66
2000,3,"Alberto",0,0,24,66,192,174,12
2000,4,"Unnamed",0,0,0,0,0,0,72
2000,5,"Beryl",0,0,0,0,0,30,18
2000,6,"Chris",0,0,0,0,0,6,42
2000,7,"Debby",0,0,0,0,54,48,12
2000,8,"Ernesto",0,0,0,0,0,36,18
2000,9,"Unnamed",0,0,0,0,0,0,18
2000,10,"Florence",0,0,0,0,54,96,6
2000,11,"Gordon",0,0,0,0,24,36,36
2000,12,"Helene",0,0,0,0,0,84,162
2000,13,"Isaac",0,12,54,72,48,42,12
2000,14,"Joyce",0,0,0,0,54,84,24
2000,15,"Keith",0,12,18,0,48,54,54
2000,16,"Leslie",0,0,0,0,0,48,0
2000,17,"Michael",0,0,0,0,48,18,0
2000,18,"Nadine",0,0,0,0,0,30,24
2001,1,"Allison",0,0,0,0,0,18,84
2001,2,"Unnamed",0,0,0,0,0,0,24
2001,3,"Barry",0,0,0,0,0,72,36
2001,4,"Chantal",0,0,0,0,0,108,78
2001,5,"Dean",0,0,0,0,0,60,84
2001,6,"Erin",0,0,24,18,102,138,36
2001,7,"Felix",0,0,12,54,42,66,96
2001,8,"Gabrielle",0,0,0,0,24,108,42
2001,9,"Unnamed",0,0,0,0,0,0,12
2001,10,"Humberto",0,0,0,12,84,30,24
2001,11,"Iris",0,18,0,6,36,36,24
2001,12,"Jerry",0,0,0,0,0,42,12
2001,13,"Karen",0,0,0,0,18,36,0
2001,14,"Lorenzo",0,0,0,0,0,30,61
2001,15,"Michelle",0,30,18,6,24,36,54
2001,16,"Noel",0,0,0,0,12,6,0
2001,17,"Olga",0,0,0,0,66,126,54
2002,1,"Arthur",0,0,0,0,0,36,12
2002,2,"Bertha",0,0,0,0,0,12,102
2002,3,"Cristobal",0,0,0,0,0,48,24
2002,4,"Dolly",0,0,0,0,0,138,6
2002,5,"Edouard",0,0,0,0,0,72,42
2002,6,"Fay",0,0,0,0,0,36,18
2002,7,"Unnamed",0,0,0,0,0,0,24
2002,8,"Gustav",0,0,0,6,15,24,0
2002,9,"Hanna",0,0,0,0,0,60,24
2002,10,"Isidore",0,0,42,18,30,120,96
2002,11,"Josephine",0,0,0,0,0,24,18
2002,12,"Kyle",0,0,0,0,66,288,114
2002,13,"Lili",0,12,18,19,29,180,48
2002,14,"Unnamed",0,0,0,0,0,0,54
2003,1,"Ana",0,0,0,0,0,72,0
2003,2,"Unnamed",0,0,0,0,0,0,18
2003,3,"Bill",0,0,0,0,0,42,36
2003,4,"Claudette",0,0,0,0,24,174,0
2003,5,"Danny",0,0,0,0,24,66,18
2003,6,"Unnamed",0,0,0,0,0,0,42
2003,7,"Unnamed",0,0,0,0,0,0,36
2003,8,"Erika",0,0,0,0,7.5,46.5,0
2003,9,"Unnamed",0,0,0,0,0,0,18
2003,10,"Fabian",0,72,102,18,36,36,18
2003,11,"Grace",0,0,0,0,0,24,42
2003,12,"Henri",0,0,0,0,0,18,96
2003,13,"Isabel",42,114,36,66,24,30,6
2003,14,"Unnamed",0,0,0,0,0,0,54
2003,15,"Juan",0,0,0,36,36,36,12
2003,16,"Kate",0,0,36,30,78,96,48
2003,17,"Larry",0,0,0,0,0,108,0
2003,18,"Mindy",0,0,0,0,0,36,42
2003,19,"Nicholas",0,0,0,0,0,204,54
2003,20,"Odette",0,0,0,0,0,66,6
2003,21,"Peter",0,0,0,0,0,30,12
2004,1,"Alex",0,0,18,30,30,36,24
2004,2,"Bonnie",0,0,0,0,0,78,168
2004,3,"Charley",0,6,7.5,16.5,42,36,18
2004,4,"Danielle",0,0,0,54,30,78,30
2004,5,"Earl",0,0,0,0,0,24,24
2004,6,"Frances",0,85.5,74.5,56,24,60,54
2004,7,"Gaston",0,0,0,0,6,66,42
2004,8,"Hermine",0,0,0,0,0,42,42
2004,9,"Ivan",60,138,42,24,12,78,162
2004,10,"Unnamed",0,0,0,0,0,0,42
2004,11,"Jeanne",0,0,18,54,85,155,48
2004,12,"Karl",0,24,60,54,24,30,12
2004,13,"Lisa",0,0,0,0,12,264,42
2004,14,"Matthew",0,0,0,0,0,42,12
2004,16,"Otto",0,0,0,0,0,42,12
2005,1,"Arlene",0,0,0,0,0,66,42
2005,2,"Bret",0,0,0,0,0,19.4166666666667,10.5833333333333
2005,3,"Cindy",0,0,0,0,6,30,48
2005,4,"Dennis",0,30,30,12,24,42,66
2005,5,"Emily",6,60,36,18,42,60,30
2005,6,"Franklin",0,0,0,0,0,186,6
2005,7,"Gert",0,0,0,0,0,24,18
2005,8,"Harvey",0,0,0,0,0,132,12
2005,9,"Irene",0,0,0,12,60,132,126
2005,10,"Ten",0,0,0,0,0,0,24
2005,11,"Jose",0,0,0,0,0,18,6
2005,12,"Katrina",18,11.1666666666667,24.8333333333333,18,25.5,46.5,24
2005,13,"Lee",0,0,0,0,0,12,96
2005,14,"Maria",0,0,6,18,90,72,24
2005,15,"Nate",0,0,0,0,54,54,6
2005,16,"Ophelia",0,0,0,0,96,156,24
2005,17,"Philippe",0,0,0,0,36,102,6
2005,18,"Rita",24,30,24,12,12,54,36
2005,19,"Nineteen",0,0,0,0,0,0,48
2005,20,"Stan",0,0,0,0,12,48,30
2005,22,"Tammy",0,0,0,0,0,30,6
2005,24,"Vince",0,0,0,0,6,30,12
2005,25,"Wilma",18,60,36,48,12,30,36
2005,26,"Alpha",0,0,0,0,0,24,30
2005,27,"Beta",0,0,6,13,18,54,12
2005,28,"Gamma",0,0,0,0,0,54,114
2005,29,"Delta",0,0,0,0,0,114,0
2005,30,"Epsilon",0,0,0,0,120,102,0
2005,31,"Zeta",0,0,0,0,0,36,6
2006,31,"Zeta",0,0,0,0,0,126,6
2006,1,"Alberto",0,0,0,0,0,78,18
2006,2,"Unnamed",0,0,0,0,0,18,6
2006,3,"Beryl",0,0,0,0,0,66,6
2006,4,"Chris",0,0,0,0,0,60,12
2006,5,"Debby",0,0,0,0,0,78,30
2006,6,"Ernesto",0,0,0,0,6,162,18
2006,7,"Florence",0,0,0,0,60,120,36
2006,8,"Gordon",0,0,30,36,120,36,18
2006,9,"Helene",0,0,18,54,120,60,36
2006,10,"Isaac",0,0,0,0,48,60,12
2007,2,"Barry",0,0,0,0,0,20,10
2007,3,"Chantal",0,0,0,0,0,18,6
2007,4,"Dean",24,60,12,7.5,58.5,42,30
2007,5,"Erin",0,0,0,0,0,16.5,37.5
2007,6,"Felix",24,24,0,18,6,30,12
2007,7,"Gabrielle",0,0,0,0,0,36,24
2007,8,"Ingrid",0,0,0,0,0,60,54
2007,9,"Humberto",0,0,0,0,12,24,0
2007,10,"Ten",0,0,0,0,0,0,6
2007,11,"Jerry",0,0,0,0,0,18,0
2007,12,"Karen",0,0,0,0,12,84,6
2007,13,"Lorenzo",0,0,0,0,12,12,48
2007,14,"Melissa",0,0,0,0,0,24,30
2007,15,"Fifteen",0,0,0,0,0,0,30
2007,16,"Noel",0,0,0,0,18,108,12
2007,17,"Olga",0,0,0,0,0,24,0
2008,1,"Arthur",0,0,0,0,0,36,6
2008,2,"Bertha",0,0,18,24,138,222,6
2008,3,"Cristobal",0,0,0,0,0,90,12
2008,4,"Dolly",0,0,0,6,24,78,18
2008,5,"Edouard",0,0,0,0,0,48,12
2008,6,"Fay",0,0,0,0,0,201.5,74.5
2008,7,"Gustav",0,12,18,36,30,96,54
2008,8,"Hanna",0,0,0,0,18,210,12
2008,9,"Ike",0,54,48,84,54,66,6
2008,10,"Josephine",0,0,0,0,0,90,6
2008,11,"Kyle",0,0,0,0,36,54,6
2008,12,"Laura",0,0,0,0,0,18,0
2008,13,"Marco",0,0,0,0,0,30,12
2008,14,"Nana",0,0,0,0,0,24,24
2008,15,"Omar",0,6,0,12,54,30,18
2008,16,"Sixteen",0,0,0,0,0,0,30
2008,17,"Paloma",0,12,12,6,24,30,12
2009,1,"One",0,0,0,0,0,0,36
2009,2,"Ana",0,0,0,0,0,42,84
2009,3,"Bill",0,30,42,42,50,40,12
2009,4,"Claudette",0,0,0,0,0,24,12
2009,5,"Danny",0,0,0,0,0,63,0
2009,6,"Erika",0,0,0,0,0,48,0
2009,7,"Fred",0,0,12,24,30,42,6
2009,8,"Eight",0,0,0,0,0,0,24
2009,9,"Grace",0,0,0,0,0,42,0
2009,10,"Henri",0,0,0,0,0,48,12
2009,11,"Ida",0,0,0,18,36,60,30
2010,1,"Alex",0,0,0,6,30,102,12
2010,2,"Two",0,0,0,0,0,0,24
2010,3,"Bonnie",0,0,0,0,0,18.75,41.25
2010,4,"Colin",0,0,0,0,0,114,24
2010,5,"Five",0,0,0,0,0,0,6
2010,6,"Danielle",0,6,18,48,96,36,12
2010,7,"Earl",0,54,30,24,31,108,6
2010,8,"Fiona",0,0,0,0,0,96,6
2010,9,"Gaston",0,0,0,0,0,12,18
2010,10,"Hermine",0,0,0,0,0,42,48
2010,11,"Igor",0,108,12,30,81,60,30
2010,12,"Julia",0,12,18,12,42,102,12
2010,13,"Karl",0,0,6,18,6,54,6
2010,14,"Lisa",0,0,0,0,15,99,24
2010,15,"Matthew",0,0,0,0,0,48,18
2010,16,"Nicole",0,0,0,0,0,24,0
2010,17,"Otto",0,0,0,0,36,24,0
2010,18,"Paula",0,0,0,24,36,36,6
2010,19,"Richard",0,0,0,6,24,72,30
2010,20,"Shary",0,0,0,0,12,24,6
2010,21,"Tomas",0,0,0,16,57,132,24
2011,1,"Arlene",0,0,0,0,0,54,0
2011,2,"Bret",0,0,0,0,0,96,12
2011,3,"Cindy",0,0,0,0,0,54,6
2011,4,"Don",0,0,0,0,0,56.5,12
2011,5,"Emily",0,0,0,0,0,120,6
2011,6,"Franklin",0,0,0,0,0,6,12
2011,7,"Gert",0,0,0,0,0,48,12
2011,8,"Harvey",0,0,0,0,0,48,36
2011,9,"Irene",0,0,12,48,87.5833333333333,38.4166666666667,0
2011,10,"Ten",0,0,0,0,0,0,42
2011,11,"Jose",0,0,0,0,0,30,6
2011,12,"Katia",0,12,18,42,150,48,18
2011,20,"Unnamed",0,0,0,0,0,30,12
2011,13,"Lee",0,0,0,0,0,18,12
2011,14,"Maria",0,0,0,0,24,210.5,6
2011,15,"Nate",0,0,0,0,12,84,0
2011,16,"Ophelia",0,6,42,18,18,192,24
2011,17,"Philippe",0,0,0,0,60,264,18
2011,18,"Rina",0,0,18,18,30,42,18
2011,19,"Sean",0,0,0,0,0,72,0
2012,1,"Alberto",0,0,0,0,0,66,6
2012,2,"Beryl",0,0,0,0,0,24,42
2012,3,"Chris",0,0,0,0,18,48,0
2012,4,"Debby",0,0,0,0,0,84,12
2012,5,"Ernesto",0,0,0,2.75,21.25,162,24
2012,6,"Florence",0,0,0,0,0,48,12
2012,7,"Helene",0,0,0,0,0,12,204
2012,8,"Gordon",0,0,0,24,30,54,12
2012,9,"Isaac",0,0,0,0,30,192,42
2012,10,"Joyce",0,0,0,0,0,12,36
2012,11,"Kirk",0,0,0,12,36,66,6
2012,12,"Leslie",0,0,0,0,72,210,12
2012,13,"Michael",0,0,6,66,54,48,24
2012,14,"Nadine",0,0,0,0,126,396,36
2012,15,"Oscar",0,0,0,0,0,42,12
2012,16,"Patty",0,0,0,0,0,48,6
2012,17,"Rafael",0,0,0,0,54,60,0
2012,18,"Sandy",0,0,3.58333333333333,26.4166666666667,84,54,6
2012,19,"Tony",0,0,0,0,0,36,30
2013,1,"Andrea",0,0,0,0,0,42,0
2013,2,"Barry",0,0,0,0,0,30,48
2013,3,"Chantal",0,0,0,0,0,72,0
2013,4,"Dorian",0,0,0,0,0,228,30
2013,5,"Erin",0,0,0,0,0,66,6
2013,6,"Fernand",0,0,0,0,0,18,6
2013,7,"Gabrielle",0,0,0,0,0,60,150
2013,8,"Eight",0,0,0,0,0,0,12
2013,9,"Humberto",0,0,0,0,42,150,12
2013,10,"Ingrid",0,0,0,0,36,48,18
2013,11,"Jerry",0,0,0,0,0,78,30
2013,12,"Karen",0,0,0,0,0,66,6
2013,13,"Lorenzo",0,0,0,0,0,60,12
2013,14,"Melissa",0,0,0,0,0,36,0
2014,1,"Arthur",0,0,0,12,42,36,12
2014,2,"Two",0,0,0,0,0,0,48
2014,3,"Bertha",0,0,0,0,18,114,0
2014,4,"Cristobal",0,0,0,0,78,42,12
2014,5,"Dolly",0,0,0,0,0,30,6
2014,6,"Edouard",0,0,12,42,54,72,12
2014,7,"Fay",0,0,0,0,12,30,0
2014,8,"Gonzalo",0,48,30,42,24,24,12
2014,9,"Hanna",0,0,0,0,0,12,132
2015,1,"Ana",0,0,0,0,0,36,24
2015,2,"Bill",0,0,0,0,0,30,30
2015,3,"Claudette",0,0,0,0,0,30,6
2015,4,"Danny",0,0,12,24,24,84,6
2015,5,"Erika",0,0,0,0,0,90,0
2015,6,"Fred",0,0,0,0,30,108,42
2015,7,"Grace",0,0,0,0,0,66,30
2015,8,"Henri",0,0,0,0,0,54,6
2015,9,"Nine",0,0,0,0,0,0,72
2015,10,"Ida",0,0,0,0,0,126,90
2015,11,"Joaquin",0,58,26,12,78,36,24
2015,12,"Kate",0,0,0,0,18,42,12
2016,1,"Alex",0,0,0,0,30,1.25,0
2016,2,"Bonnie",0,0,0,0,0,48,144
2016,3,"Colin",0,0,0,0,0,36,6
2016,4,"Danielle",0,0,0,0,0,18,18
2016,5,"Earl",0,0,0,0,18,84,0
2016,6,"Fiona",0,0,0,0,0,114,42
2016,7,"Gaston",0,0,36,60,66,96,6
2016,8,"Eight",0,0,0,0,0,0,84
2016,9,"Hermine",0,0,0,0,14,58,60
2016,10,"Ian",0,0,0,0,0,96,0
2016,11,"Julia",0,0,0,0,0,84,48
2016,12,"Karl",0,0,0,0,0,204,60
2016,13,"Lisa",0,0,0,0,0,108,24
2016,14,"Matthew",12,114,54,18,30,30,0
2016,15,"Nicole",0,12,12,30,114,168,0
2016,16,"Otto",0,0,6,12,15.5,92.5,12
2017,1,"Arlene",0,0,0,0,0,24,6
2017,2,"Bret",0,0,0,0,0,15,0
2017,3,"Cindy",0,0,0,0,0,54,12
2017,4,"Unnamed",0,0,0,0,0,0,42
2017,5,"Don",0,0,0,0,0,24,6
2017,6,"Emily",0,0,0,0,0,24,24
2017,7,"Franklin",0,0,0,0,12,72,0
2017,8,"Gert",0,0,0,18,36,54,6
2017,9,"Harvey",0,6,12,12,18,168,138
2017,11,"Irma",77,49,84,36,24,36,6
2017,12,"Jose",0,60,24,18,186,120,6
2017,13,"Katia",0,0,0,12,48,18,18
2017,14,"Lee",0,0,12,54,66,126,108
2017,15,"Maria",28.25,13.75,84,36,90,78,6
2017,16,"Nate",0,0,0,0,24,60,18
2017,17,"Ophelia",0,0,12,48,36,60,0
2017,18,"Philippe",0,0,0,0,0,6,6
2017,19,"Rina",0,0,0,0,0,48,30
